user_id,teamchat_session_id,Joins_time
1588,6776,1:02:00 AM
350,6777,1:33:00 AM
740,6778,1:27:00 AM
1068,6779,1:10:00 AM
1554,6780,1:24:00 AM
668,6781,1:16:00 AM
1989,6782,1:20:00 AM
540,6783,1:23:00 AM
516,6784,1:25:00 AM
630,6785,1:17:00 AM
1847,6779,1:04:00 AM
461,6787,1:08:00 AM
708,6783,1:12:00 AM
417,6789,1:19:00 AM
1038,6790,1:34:00 AM
2100,6791,1:01:00 AM
1349,6792,1:31:00 AM
1606,6780,1:16:00 AM
1479,6794,1:25:00 AM
1535,6795,1:10:00 AM
192,6796,1:19:00 AM
1311,6797,1:29:00 AM
518,6782,1:23:00 AM
20,6799,1:01:00 AM
214,6800,1:16:00 AM
789,6796,1:18:00 AM
521,6809,1:21:00 AM
1754,6810,1:17:00 AM
1059,6811,1:23:00 AM
303,6813,1:24:00 AM
294,6783,1:26:00 AM
291,6815,1:28:00 AM
1090,6783,1:09:00 AM
702,6817,1:06:00 AM
1673,6818,1:24:00 AM
265,6819,1:32:00 AM
554,6820,1:08:00 AM
515,6821,1:21:00 AM
674,6778,1:11:00 AM
1125,6792,1:08:00 AM
1755,6799,1:05:00 AM
63,6784,1:12:00 AM
1074,6838,1:23:00 AM
1503,6792,1:09:00 AM
1627,6784,1:00:00 AM
650,6811,1:08:00 AM
1596,6791,1:26:00 AM
733,6850,1:04:00 AM
1244,6821,1:03:00 AM
863,6811,1:22:00 AM
69,6853,1:32:00 AM
1219,6854,1:33:00 AM
1256,6785,1:26:00 AM
438,6790,1:08:00 AM
319,6857,1:10:00 AM
1996,6858,1:22:00 AM
1051,6859,1:25:00 AM
767,6791,1:06:00 AM
1366,6810,1:07:00 AM
440,6863,1:07:00 AM
1955,6866,1:16:00 AM
1335,6866,1:30:00 AM
288,6868,1:08:00 AM
983,6799,1:21:00 AM
9,6776,1:09:00 AM
738,6789,1:25:00 AM
394,6875,1:20:00 AM
1789,6819,1:24:00 AM
428,6886,1:31:00 AM
1873,6850,1:18:00 AM
464,6888,1:09:00 AM
2089,6889,1:10:00 AM
1768,6891,1:10:00 AM
611,6809,1:06:00 AM
951,6903,1:29:00 AM
240,6783,1:01:00 AM
1792,6792,1:09:00 AM
88,6821,1:03:00 AM
1318,6910,1:26:00 AM
97,6911,1:09:00 AM
1559,6912,1:15:00 AM
1574,6850,1:20:00 AM
329,6914,1:01:00 AM
1709,6866,1:00:00 AM
1494,6859,1:29:00 AM
257,6792,1:01:00 AM
1482,6787,1:26:00 AM
642,6920,1:11:00 AM
1085,6910,1:07:00 AM
500,6922,1:05:00 AM
502,6799,1:16:00 AM
1995,6925,1:23:00 AM
1237,6819,1:07:00 AM
1095,6792,1:04:00 AM
1220,6859,1:16:00 AM
1658,6782,1:09:00 AM
365,6819,1:20:00 AM
968,6911,1:26:00 AM
1398,6780,1:11:00 AM
2004,6925,1:07:00 AM
1204,6776,1:09:00 AM
696,6943,1:21:00 AM
1487,6800,1:05:00 AM
1816,6946,1:32:00 AM
426,6797,1:16:00 AM
2093,6922,1:25:00 AM
1001,6949,1:20:00 AM
1037,6951,1:11:00 AM
869,6809,1:31:00 AM
1165,6914,1:23:00 AM
280,6956,1:17:00 AM
2075,6854,1:17:00 AM
1741,6799,1:14:00 AM
1848,6949,1:26:00 AM
743,6922,1:01:00 AM
507,6813,1:06:00 AM
1991,6850,1:12:00 AM
1110,6973,1:02:00 AM
2006,6974,1:02:00 AM
252,6810,1:12:00 AM
333,6811,1:02:00 AM
230,6853,1:17:00 AM
719,6792,1:24:00 AM
412,6778,1:27:00 AM
996,6984,1:03:00 AM
1573,6777,1:21:00 AM
1268,6791,1:25:00 AM
1450,6794,1:05:00 AM
1926,7007,1:13:00 AM
1127,7008,1:29:00 AM
1056,6780,1:24:00 AM
2067,6784,1:17:00 AM
1975,6949,1:12:00 AM
1302,7022,1:21:00 AM
254,7024,1:14:00 AM
1324,6821,1:08:00 AM
222,6778,1:19:00 AM
1525,7028,1:32:00 AM
209,6784,1:13:00 AM
125,6973,1:04:00 AM
442,7035,1:07:00 AM
253,6863,1:11:00 AM
876,6920,1:09:00 AM
198,7038,1:30:00 AM
1287,6790,1:18:00 AM
834,6819,1:06:00 AM
698,6781,1:24:00 AM
985,6925,1:13:00 AM
14,6782,1:33:00 AM
2047,6889,1:24:00 AM
1920,6956,1:12:00 AM
1769,7024,1:13:00 AM
423,6925,1:06:00 AM
1248,7058,1:09:00 AM
431,6810,1:34:00 AM
1506,6780,1:20:00 AM
339,6778,1:24:00 AM
1896,6974,1:03:00 AM
1225,6850,1:30:00 AM
1272,6777,1:13:00 AM
1259,6853,1:24:00 AM
2034,6781,1:05:00 AM
388,6795,1:19:00 AM
199,6818,1:20:00 AM
37,7104,1:14:00 AM
1972,6789,1:10:00 AM
350,6777,1:02:00 AM
1354,6789,1:34:00 AM
936,6949,1:29:00 AM
915,7104,1:18:00 AM
1935,6799,1:33:00 AM
1107,6796,1:03:00 AM
735,6792,1:31:00 AM
1882,6925,1:31:00 AM
30,7008,1:25:00 AM
196,6789,1:13:00 AM
1084,6778,1:23:00 AM
1817,7058,1:16:00 AM
1671,6858,1:31:00 AM
1959,6820,1:27:00 AM
148,6974,1:20:00 AM
1241,6785,1:16:00 AM
1253,7058,1:27:00 AM
20,6799,1:16:00 AM
31,6783,1:28:00 AM
1428,6984,1:24:00 AM
1398,6780,1:10:00 AM
1035,6790,1:00:00 AM
1978,7212,1:24:00 AM
631,6789,1:17:00 AM
216,6790,1:34:00 AM
1285,7007,1:11:00 AM
1118,6850,1:12:00 AM
1029,7024,1:12:00 AM
1665,6811,1:34:00 AM
1033,6818,1:18:00 AM
577,7270,1:06:00 AM
1514,7212,1:20:00 AM
1189,7280,1:16:00 AM
602,6813,1:09:00 AM
987,6925,1:05:00 AM
2004,6925,1:09:00 AM
128,6810,1:17:00 AM
442,7035,1:06:00 AM
2022,6783,1:04:00 AM
513,6785,1:10:00 AM
1305,6925,1:14:00 AM
1019,6817,1:22:00 AM
1126,6888,1:12:00 AM
277,6838,1:30:00 AM
2033,6791,1:15:00 AM
368,6792,1:17:00 AM
1599,6782,1:33:00 AM
1649,6857,1:19:00 AM
560,6925,1:15:00 AM
1638,7347,1:32:00 AM
621,6914,1:24:00 AM
305,6943,1:00:00 AM
683,6889,1:25:00 AM
2095,6889,1:07:00 AM
929,6797,1:29:00 AM
263,6925,1:21:00 AM
1688,7024,1:02:00 AM
2100,6791,1:03:00 AM
967,6783,1:03:00 AM
881,6974,1:24:00 AM
1868,6888,1:01:00 AM
483,6779,1:16:00 AM
283,6853,1:02:00 AM
661,7432,1:07:00 AM
1550,6910,1:27:00 AM
1819,6838,1:33:00 AM
982,7443,1:12:00 AM
2066,6799,1:23:00 AM
1,7024,1:08:00 AM
1994,6858,1:33:00 AM
1219,6854,1:25:00 AM
1535,6795,1:19:00 AM
1617,7024,1:22:00 AM
1231,6817,1:01:00 AM
904,7505,1:15:00 AM
554,6820,1:25:00 AM
449,6778,1:03:00 AM
1070,6911,1:13:00 AM
14,6782,1:04:00 AM
97,6911,1:22:00 AM
1019,6817,1:06:00 AM
843,6809,1:16:00 AM
1793,7058,1:25:00 AM
178,6949,1:04:00 AM
1128,6792,1:26:00 AM
476,6863,1:17:00 AM
667,6783,1:27:00 AM
2064,7280,1:09:00 AM
1162,6974,1:04:00 AM
1509,6889,1:08:00 AM
419,6858,1:22:00 AM
1606,6780,1:31:00 AM
701,6792,1:21:00 AM
1839,6780,1:14:00 AM
380,6792,1:24:00 AM
1498,6795,1:13:00 AM
456,6810,1:04:00 AM
1192,7212,1:26:00 AM
578,7058,1:11:00 AM
311,6866,1:20:00 AM
844,7443,1:04:00 AM
194,6785,1:01:00 AM
999,6780,1:17:00 AM
557,6853,1:17:00 AM
500,6922,1:11:00 AM
1356,6783,1:25:00 AM
240,6783,1:26:00 AM
969,7726,1:20:00 AM
1429,6776,1:03:00 AM
80,6791,1:02:00 AM
110,6854,1:30:00 AM
1258,7058,1:20:00 AM
1599,6782,1:19:00 AM
497,7038,1:09:00 AM
1441,6782,1:32:00 AM
2050,6794,1:15:00 AM
886,6910,1:23:00 AM
1548,6776,1:09:00 AM
1996,6858,1:26:00 AM
1034,6794,1:21:00 AM
967,6783,1:15:00 AM
1136,6859,1:34:00 AM
1665,6811,1:18:00 AM
621,6914,1:31:00 AM
1999,6866,1:09:00 AM
37,7104,1:08:00 AM
1244,6821,1:06:00 AM
516,6784,1:21:00 AM
1087,6797,1:30:00 AM
685,7280,1:18:00 AM
1920,6956,1:06:00 AM
1084,6778,1:33:00 AM
1703,7035,1:21:00 AM
861,6925,1:22:00 AM
556,6809,1:08:00 AM
1051,6859,1:17:00 AM
428,6886,1:08:00 AM
1349,6792,1:30:00 AM
724,6956,1:27:00 AM
1378,6956,1:03:00 AM
407,6777,1:17:00 AM
1324,6821,1:20:00 AM
1318,6910,1:07:00 AM
1153,7212,1:01:00 AM
155,7008,1:23:00 AM
423,6925,1:17:00 AM
1626,6778,1:02:00 AM
1839,6780,1:01:00 AM
1844,6956,1:33:00 AM
1305,6925,1:13:00 AM
540,6783,1:03:00 AM
394,6875,1:25:00 AM
767,6791,1:26:00 AM
62,6792,1:20:00 AM
696,6943,1:12:00 AM
137,8205,1:12:00 AM
1885,7443,1:24:00 AM
1268,6791,1:13:00 AM
853,7212,1:17:00 AM
88,6821,1:05:00 AM
97,6911,1:32:00 AM
735,6792,1:25:00 AM
701,6792,1:15:00 AM
1588,6776,1:17:00 AM
1126,6888,1:20:00 AM
1561,6796,1:07:00 AM
174,6819,1:04:00 AM
2078,6956,1:24:00 AM
1204,6776,1:00:00 AM
1665,6811,1:01:00 AM
456,6810,1:04:00 AM
759,6857,1:21:00 AM
1965,8474,1:07:00 AM
876,6920,1:00:00 AM
1672,6784,1:00:00 AM
110,6854,1:07:00 AM
1816,6946,1:03:00 AM
1703,7035,1:04:00 AM
128,6810,1:27:00 AM
483,6779,1:08:00 AM
1035,6790,1:00:00 AM
214,6800,1:17:00 AM
1522,6974,1:06:00 AM
1428,6984,1:09:00 AM
319,6857,1:07:00 AM
1995,6925,1:15:00 AM
252,6810,1:18:00 AM
1800,6785,1:04:00 AM
936,6949,1:14:00 AM
380,6792,1:27:00 AM
987,6925,1:08:00 AM
1506,6780,1:27:00 AM
1482,6787,1:17:00 AM
2093,6922,1:18:00 AM
1596,6791,1:23:00 AM
1868,6888,1:16:00 AM
683,6889,1:14:00 AM
1237,6819,1:06:00 AM
1092,8903,1:24:00 AM
80,6791,1:15:00 AM
1935,6799,1:29:00 AM
305,6943,1:18:00 AM
131,6974,1:01:00 AM
1847,6779,1:25:00 AM
1978,7212,1:24:00 AM
254,7024,1:27:00 AM
1450,6794,1:33:00 AM
240,6783,1:07:00 AM
669,6984,1:31:00 AM
388,6795,1:22:00 AM
1844,6956,1:20:00 AM
294,6783,1:16:00 AM
789,6796,1:16:00 AM
631,6789,1:03:00 AM
336,9079,1:34:00 AM
288,6868,1:03:00 AM
668,6781,1:21:00 AM
1034,6794,1:27:00 AM
394,6875,1:21:00 AM
982,7443,1:24:00 AM
1975,6949,1:21:00 AM
1074,6838,1:15:00 AM
582,7726,1:34:00 AM
674,6778,1:01:00 AM
485,6951,1:22:00 AM
1839,6780,1:18:00 AM
1996,6858,1:07:00 AM
265,6819,1:24:00 AM
1056,6780,1:03:00 AM
759,6857,1:16:00 AM
131,6974,1:11:00 AM
1506,6780,1:11:00 AM
412,6778,1:32:00 AM
853,7212,1:17:00 AM
2014,8474,1:20:00 AM
128,6810,1:34:00 AM
1994,6858,1:09:00 AM
428,6886,1:27:00 AM
1110,6973,1:03:00 AM
2050,6794,1:32:00 AM
1130,9529,1:34:00 AM
1356,6783,1:04:00 AM
4,6888,1:15:00 AM
1118,6850,1:02:00 AM
1638,7347,1:02:00 AM
834,6819,1:19:00 AM
968,6911,1:12:00 AM
1649,6857,1:25:00 AM
560,6925,1:04:00 AM
2067,6784,1:17:00 AM
1366,6810,1:14:00 AM
563,9671,1:31:00 AM
1989,6782,1:15:00 AM
789,6796,1:19:00 AM
1454,6776,1:21:00 AM
417,6789,1:02:00 AM
1241,6785,1:10:00 AM
1975,6949,1:15:00 AM
1514,7212,1:18:00 AM
1989,6782,1:09:00 AM
319,6857,1:33:00 AM
1978,7212,1:33:00 AM
764,6785,1:06:00 AM
461,6787,1:09:00 AM
1548,6776,1:33:00 AM
669,6984,1:06:00 AM
2033,6791,1:30:00 AM
305,6943,1:27:00 AM
1574,6850,1:30:00 AM
137,8205,1:18:00 AM
1118,6850,1:07:00 AM
521,6809,1:00:00 AM
257,6792,1:11:00 AM
1793,7058,1:06:00 AM
1688,7024,1:11:00 AM
1192,7212,1:17:00 AM
667,6783,1:25:00 AM
75,8903,1:11:00 AM
214,6800,1:27:00 AM
2038,6951,1:13:00 AM
1768,6891,1:20:00 AM
361,6886,1:09:00 AM
1450,6794,1:17:00 AM
2026,7104,1:18:00 AM
423,6925,1:08:00 AM
1789,6819,1:16:00 AM
388,6795,1:33:00 AM
1535,6795,1:10:00 AM
1882,6925,1:03:00 AM
365,6819,1:26:00 AM
1372,6866,1:13:00 AM
1302,7022,1:33:00 AM
1991,6850,1:34:00 AM
630,6785,1:24:00 AM
69,6853,1:23:00 AM
1935,6799,1:21:00 AM
1617,7024,1:32:00 AM
985,6925,1:17:00 AM
1969,9671,1:24:00 AM
602,6813,1:21:00 AM
1125,6792,1:17:00 AM
62,6792,1:06:00 AM
1019,6817,1:33:00 AM
311,6866,1:29:00 AM
412,6778,1:07:00 AM
263,6925,1:26:00 AM
1819,6838,1:07:00 AM
449,6778,1:29:00 AM
914,6789,1:02:00 AM
1626,6778,1:03:00 AM
861,6925,1:25:00 AM
1754,6810,1:21:00 AM
1305,6925,1:07:00 AM
37,7104,1:31:00 AM
336,9079,1:10:00 AM
394,6875,1:16:00 AM
1225,6850,1:08:00 AM
674,6778,1:32:00 AM
1130,9529,1:06:00 AM
1926,7007,1:16:00 AM
1919,6888,1:31:00 AM
442,7035,1:05:00 AM
291,6815,1:01:00 AM
767,6791,1:30:00 AM
311,6866,1:12:00 AM
834,6819,1:33:00 AM
759,6857,1:21:00 AM
329,6914,1:32:00 AM
1741,6799,1:33:00 AM
1687,6820,1:15:00 AM
40,6809,1:21:00 AM
803,6911,1:16:00 AM
2100,6791,1:05:00 AM
843,6809,1:24:00 AM
1189,7280,1:27:00 AM
49,7443,1:31:00 AM
1354,6789,1:18:00 AM
131,6974,1:33:00 AM
1095,6792,1:20:00 AM
1482,6787,1:26:00 AM
431,6810,1:08:00 AM
735,6792,1:28:00 AM
1754,6810,1:09:00 AM
20,6799,1:17:00 AM
1012,6875,1:15:00 AM
554,6820,1:30:00 AM
533,6791,1:03:00 AM
645,11208,1:06:00 AM
423,6925,1:24:00 AM
1498,6795,1:05:00 AM
1450,6794,1:14:00 AM
1127,7008,1:33:00 AM
556,6809,1:26:00 AM
1237,6819,1:11:00 AM
40,6809,1:15:00 AM
1588,6776,1:20:00 AM
698,6781,1:08:00 AM
1514,7212,1:22:00 AM
128,6810,1:00:00 AM
1126,6888,1:09:00 AM
1969,9671,1:02:00 AM
1926,7007,1:16:00 AM
2037,6821,1:30:00 AM
936,6949,1:04:00 AM
4,6888,1:03:00 AM
1258,7058,1:26:00 AM
686,11602,1:01:00 AM
230,6853,1:32:00 AM
1972,6789,1:28:00 AM
131,6974,1:23:00 AM
1441,6782,1:20:00 AM
280,6956,1:17:00 AM
1573,6777,1:15:00 AM
2095,6889,1:04:00 AM
1110,6973,1:01:00 AM
853,7212,1:21:00 AM
1162,6974,1:02:00 AM
339,6778,1:04:00 AM
792,6779,1:18:00 AM
1095,6792,1:02:00 AM
1649,6857,1:00:00 AM
577,7270,1:03:00 AM
1085,6910,1:16:00 AM
155,7008,1:25:00 AM
425,7443,1:24:00 AM
1204,6776,1:24:00 AM
265,6819,1:32:00 AM
1816,6946,1:26:00 AM
1506,6780,1:30:00 AM
533,6791,1:12:00 AM
650,6811,1:08:00 AM
1127,7008,1:26:00 AM
1225,6850,1:34:00 AM
108,6809,1:16:00 AM
1972,6789,1:32:00 AM
254,7024,1:12:00 AM
426,6797,1:14:00 AM
1305,6925,1:09:00 AM
1627,6784,1:35:00 AM
1999,6866,1:00:00 AM
1085,6910,1:17:00 AM
1865,6795,1:10:00 AM
1215,12209,1:01:00 AM
29,6813,1:15:00 AM
803,6911,1:20:00 AM
20,6799,1:25:00 AM
196,6789,1:19:00 AM
582,7726,1:24:00 AM
1253,7058,1:09:00 AM
388,6795,1:34:00 AM
521,6809,1:16:00 AM
1965,8474,1:32:00 AM
698,6781,1:03:00 AM
1573,6777,1:04:00 AM
240,6783,1:33:00 AM
1285,7007,1:34:00 AM
199,6818,1:23:00 AM
1200,6777,1:13:00 AM
1978,7212,1:01:00 AM
792,6779,1:02:00 AM
1494,6859,1:25:00 AM
1126,6888,1:11:00 AM
1302,7022,1:20:00 AM
288,6868,1:24:00 AM
280,6956,1:02:00 AM
828,7104,1:32:00 AM
194,6785,1:22:00 AM
1037,6951,1:07:00 AM
2014,8474,1:26:00 AM
838,6889,1:26:00 AM
1296,7443,1:14:00 AM
589,6889,1:06:00 AM
1703,7035,1:09:00 AM
1056,6780,1:26:00 AM
319,6857,1:30:00 AM
49,7443,1:12:00 AM
621,6914,1:21:00 AM
1244,6821,1:19:00 AM
1051,6859,1:27:00 AM
2022,6783,1:31:00 AM
650,6811,1:04:00 AM
1335,6866,1:14:00 AM
148,6974,1:24:00 AM
631,6789,1:00:00 AM
380,6792,1:19:00 AM
1709,6866,1:08:00 AM
838,6889,1:18:00 AM
368,6792,1:05:00 AM
1114,6866,1:18:00 AM
518,6782,1:18:00 AM
1428,6984,1:03:00 AM
1153,7212,1:15:00 AM
1978,7212,1:22:00 AM
674,6778,1:01:00 AM
1883,6779,1:09:00 AM
1192,7212,1:10:00 AM
502,6799,1:10:00 AM
1606,6780,1:16:00 AM
500,6922,1:21:00 AM
1688,7024,1:11:00 AM
645,11208,1:18:00 AM
763,6794,1:04:00 AM
1844,6956,1:26:00 AM
521,6809,1:15:00 AM
1311,6797,1:19:00 AM
804,6819,1:13:00 AM
1165,6914,1:25:00 AM
2047,6889,1:15:00 AM
1479,6794,1:13:00 AM
1012,6875,1:33:00 AM
280,6956,1:23:00 AM
1366,6810,1:32:00 AM
743,6922,1:34:00 AM
1087,6797,1:05:00 AM
2100,6791,1:04:00 AM
797,7432,1:07:00 AM
20,6799,1:20:00 AM
1506,6780,1:06:00 AM
853,7212,1:09:00 AM
667,6783,1:01:00 AM
1989,6782,1:06:00 AM
1,7024,1:12:00 AM
294,6783,1:22:00 AM
828,7104,1:09:00 AM
1128,6792,1:24:00 AM
764,6785,1:21:00 AM
1920,6956,1:34:00 AM
1461,6783,1:20:00 AM
442,7035,1:25:00 AM
1084,6778,1:20:00 AM
1059,6811,1:21:00 AM
88,6821,1:15:00 AM
1085,6910,1:20:00 AM
1074,6838,1:13:00 AM
1398,6780,1:16:00 AM
1955,6866,1:00:00 AM
1596,6791,1:15:00 AM
305,6943,1:06:00 AM
1038,6790,1:22:00 AM
1204,6776,1:16:00 AM
668,6781,1:12:00 AM
1937,7022,1:10:00 AM
333,6811,1:16:00 AM
1844,6956,1:17:00 AM
767,6791,1:12:00 AM
1033,6818,1:34:00 AM
174,6819,1:20:00 AM
216,6790,1:08:00 AM
1999,6866,1:33:00 AM
839,6792,1:15:00 AM
513,6785,1:05:00 AM
1503,6792,1:03:00 AM
291,6815,1:08:00 AM
1672,6784,1:14:00 AM
1220,6859,1:31:00 AM
1703,7035,1:17:00 AM
1896,6974,1:03:00 AM
1349,6792,1:17:00 AM
1189,7280,1:01:00 AM
502,6799,1:12:00 AM
257,6792,1:06:00 AM
2089,6889,1:16:00 AM
1848,6949,1:27:00 AM
733,6850,1:17:00 AM
743,6922,1:18:00 AM
1995,6925,1:17:00 AM
1978,7212,1:33:00 AM
1626,6778,1:30:00 AM
977,9671,1:28:00 AM
1800,6785,1:15:00 AM
250,7028,1:05:00 AM
1204,6776,1:00:00 AM
1819,6838,1:21:00 AM
1817,7058,1:21:00 AM
1989,6782,1:20:00 AM
133,14146,1:17:00 AM
1383,6777,1:32:00 AM
126,6888,1:22:00 AM
1287,6790,1:11:00 AM
1754,6810,1:04:00 AM
1118,6850,1:05:00 AM
1755,6799,1:28:00 AM
1462,6889,1:21:00 AM
1514,7212,1:00:00 AM
1129,6903,1:26:00 AM
621,6914,1:28:00 AM
2018,6820,1:32:00 AM
1865,6795,1:16:00 AM
922,7212,1:31:00 AM
2050,6794,1:03:00 AM
828,7104,1:11:00 AM
311,6866,1:18:00 AM
214,6800,1:12:00 AM
137,8205,1:19:00 AM
1258,7058,1:16:00 AM
1153,7212,1:08:00 AM
709,6821,1:04:00 AM
740,6778,1:17:00 AM
629,7024,1:09:00 AM
1649,6857,1:20:00 AM
104,6795,1:31:00 AM
1138,7104,1:10:00 AM
876,6920,1:10:00 AM
1854,12209,1:10:00 AM
642,6920,1:25:00 AM
1926,7007,1:29:00 AM
1673,6818,1:22:00 AM
196,6789,1:13:00 AM
2014,8474,1:07:00 AM
1972,6789,1:07:00 AM
668,6781,1:26:00 AM
380,6792,1:13:00 AM
1741,6799,1:09:00 AM
283,6853,1:31:00 AM
1125,6792,1:26:00 AM
14,6782,1:32:00 AM
627,6857,1:10:00 AM
853,7212,1:16:00 AM
483,6779,1:15:00 AM
241,7022,1:22:00 AM
288,6868,1:02:00 AM
1354,6789,1:30:00 AM
1588,6776,1:09:00 AM
412,6778,1:32:00 AM
1285,7007,1:05:00 AM
229,6792,1:12:00 AM
1189,7280,1:20:00 AM
1441,6782,1:02:00 AM
709,6821,1:03:00 AM
303,6813,1:27:00 AM
642,6920,1:30:00 AM
1673,6818,1:23:00 AM
629,7024,1:24:00 AM
1920,6956,1:33:00 AM
88,6821,1:28:00 AM
1370,7212,1:19:00 AM
1285,7007,1:03:00 AM
131,6974,1:21:00 AM
1954,6819,1:12:00 AM
1287,6790,1:34:00 AM
1019,6817,1:06:00 AM
1709,6866,1:33:00 AM
516,6784,1:04:00 AM
839,6792,1:02:00 AM
1989,6782,1:16:00 AM
521,6809,1:00:00 AM
1296,7443,1:19:00 AM
1754,6810,1:06:00 AM
198,7038,1:00:00 AM
797,7432,1:34:00 AM
969,7726,1:30:00 AM
1687,6820,1:34:00 AM
1272,6777,1:24:00 AM
994,15383,1:32:00 AM
1090,6783,1:21:00 AM
1127,7008,1:33:00 AM
286,6886,1:11:00 AM
75,8903,1:33:00 AM
975,6974,1:08:00 AM
1768,6891,1:08:00 AM
1037,6951,1:28:00 AM
1494,6859,1:03:00 AM
994,15383,1:17:00 AM
759,6857,1:20:00 AM
801,6857,1:13:00 AM
1550,6910,1:33:00 AM
1125,6792,1:32:00 AM
128,6810,1:20:00 AM
1638,7347,1:02:00 AM
1538,6854,1:14:00 AM
108,6809,1:02:00 AM
1525,7028,1:09:00 AM
1442,12209,1:11:00 AM
967,6783,1:32:00 AM
1268,6791,1:09:00 AM
1761,8903,1:05:00 AM
994,15383,1:15:00 AM
265,6819,1:12:00 AM
1574,6850,1:07:00 AM
252,6810,1:20:00 AM
801,6857,1:08:00 AM
333,6811,1:30:00 AM
556,6809,1:18:00 AM
1287,6790,1:18:00 AM
126,6888,1:26:00 AM
423,6925,1:28:00 AM
661,7432,1:14:00 AM
500,6922,1:08:00 AM
425,7443,1:05:00 AM
1192,7212,1:09:00 AM
853,7212,1:26:00 AM
1084,6778,1:08:00 AM
929,6797,1:17:00 AM
977,9671,1:12:00 AM
968,6911,1:25:00 AM
859,16274,1:05:00 AM
1318,6910,1:30:00 AM
1450,6794,1:29:00 AM
277,6838,1:18:00 AM
1970,6777,1:05:00 AM
288,6868,1:02:00 AM
2034,6781,1:27:00 AM
1428,6984,1:21:00 AM
1366,6810,1:28:00 AM
929,6797,1:01:00 AM
1687,6820,1:11:00 AM
767,6791,1:00:00 AM
1673,6818,1:24:00 AM
1189,7280,1:26:00 AM
1599,6782,1:19:00 AM
350,6777,1:16:00 AM
1114,6866,1:26:00 AM
1204,6776,1:12:00 AM
507,6813,1:02:00 AM
803,6911,1:23:00 AM
602,6813,1:12:00 AM
40,6809,1:22:00 AM
1120,6903,1:17:00 AM
454,6791,1:17:00 AM
1882,6925,1:02:00 AM
1789,6819,1:26:00 AM
969,7726,1:33:00 AM
252,6810,1:18:00 AM
1136,6859,1:32:00 AM
863,6811,1:10:00 AM
126,6888,1:19:00 AM
428,6886,1:04:00 AM
719,6792,1:22:00 AM
1626,6778,1:21:00 AM
546,6817,1:27:00 AM
1672,6784,1:00:00 AM
1019,6817,1:10:00 AM
368,6792,1:05:00 AM
1538,6854,1:27:00 AM
1462,6889,1:30:00 AM
1919,6888,1:16:00 AM
110,6854,1:21:00 AM
1378,6956,1:33:00 AM
1200,6777,1:07:00 AM
869,6809,1:17:00 AM
1066,7028,1:09:00 AM
2004,6925,1:21:00 AM
516,6784,1:08:00 AM
1349,6792,1:18:00 AM
1269,16938,1:34:00 AM
1768,6891,1:12:00 AM
764,6785,1:21:00 AM
709,6821,1:00:00 AM
252,6810,1:13:00 AM
1153,7212,1:26:00 AM
985,6925,1:20:00 AM
277,6838,1:18:00 AM
968,6911,1:14:00 AM
507,6813,1:12:00 AM
365,6819,1:07:00 AM
1450,6794,1:24:00 AM
4,6888,1:08:00 AM
1514,7212,1:17:00 AM
1127,7008,1:28:00 AM
923,7432,1:12:00 AM
2098,7443,1:29:00 AM
37,7104,1:00:00 AM
772,6797,1:01:00 AM
611,6809,1:24:00 AM
1169,6818,1:10:00 AM
476,6863,1:16:00 AM
2004,6925,1:30:00 AM
576,6922,1:33:00 AM
792,6779,1:17:00 AM
1665,6811,1:07:00 AM
137,8205,1:33:00 AM
1454,6776,1:33:00 AM
1114,6866,1:03:00 AM
1136,6859,1:34:00 AM
1854,12209,1:12:00 AM
49,7443,1:25:00 AM
1370,7212,1:29:00 AM
603,17406,1:10:00 AM
685,7280,1:09:00 AM
29,6813,1:04:00 AM
196,6789,1:13:00 AM
2089,6889,1:02:00 AM
1588,6776,1:06:00 AM
1839,6780,1:11:00 AM
1324,6821,1:18:00 AM
311,6866,1:02:00 AM
709,6821,1:31:00 AM
1118,6850,1:12:00 AM
461,6787,1:15:00 AM
1378,6956,1:06:00 AM
507,6813,1:34:00 AM
767,6791,1:03:00 AM
277,6838,1:02:00 AM
724,6956,1:01:00 AM
538,6795,1:20:00 AM
789,6796,1:08:00 AM
280,6956,1:21:00 AM
2026,7104,1:15:00 AM
119,14146,1:09:00 AM
1709,6866,1:18:00 AM
838,6889,1:31:00 AM
2044,6891,1:21:00 AM
14,6782,1:04:00 AM
1253,7058,1:28:00 AM
1475,6922,1:18:00 AM
1587,6780,1:11:00 AM
1276,6914,1:22:00 AM
1461,6783,1:17:00 AM
1378,6956,1:14:00 AM
881,6974,1:09:00 AM
1001,6949,1:29:00 AM
1165,6914,1:04:00 AM
538,6795,1:17:00 AM
2075,6854,1:03:00 AM
456,6810,1:32:00 AM
2004,6925,1:26:00 AM
444,18142,1:28:00 AM
254,7024,1:01:00 AM
1559,6912,1:13:00 AM
999,6780,1:17:00 AM
1090,6783,1:02:00 AM
301,9671,1:26:00 AM
1189,7280,1:02:00 AM
20,6799,1:31:00 AM
2016,15383,1:05:00 AM
1428,6984,1:05:00 AM
4,6888,1:22:00 AM
1269,16938,1:31:00 AM
834,6819,1:31:00 AM
1848,6949,1:32:00 AM
969,7726,1:34:00 AM
1311,6797,1:31:00 AM
2014,8474,1:26:00 AM
1550,6910,1:34:00 AM
1954,6819,1:24:00 AM
1847,6779,1:02:00 AM
1665,6811,1:03:00 AM
280,6956,1:03:00 AM
37,7104,1:17:00 AM
294,6783,1:10:00 AM
1761,8903,1:34:00 AM
869,6809,1:24:00 AM
1935,6799,1:32:00 AM
199,6818,1:06:00 AM
263,6925,1:07:00 AM
1349,6792,1:16:00 AM
1883,6779,1:21:00 AM
1059,6811,1:32:00 AM
63,6784,1:33:00 AM
843,6809,1:03:00 AM
1038,6790,1:01:00 AM
476,6863,1:14:00 AM
1873,6850,1:05:00 AM
668,6781,1:01:00 AM
861,6925,1:16:00 AM
378,6914,1:02:00 AM
69,6853,1:26:00 AM
1873,6850,1:09:00 AM
454,6791,1:26:00 AM
1638,7347,1:10:00 AM
1883,6779,1:17:00 AM
241,7022,1:31:00 AM
1879,6797,1:09:00 AM
1919,6888,1:25:00 AM
1849,6911,1:21:00 AM
642,6920,1:18:00 AM
1427,18939,1:30:00 AM
1847,6779,1:26:00 AM
743,6922,1:02:00 AM
1978,7212,1:07:00 AM
428,6886,1:15:00 AM
426,6797,1:29:00 AM
1166,6790,1:09:00 AM
1970,6777,1:25:00 AM
1074,6838,1:11:00 AM
1972,6789,1:24:00 AM
1012,6875,1:28:00 AM
444,18142,1:33:00 AM
1550,6910,1:32:00 AM
1287,6790,1:24:00 AM
1920,6956,1:17:00 AM
1741,6799,1:13:00 AM
391,6809,1:13:00 AM
388,6795,1:07:00 AM
560,6925,1:15:00 AM
336,9079,1:14:00 AM
1272,6777,1:18:00 AM
1472,19390,1:24:00 AM
1452,6891,1:12:00 AM
1320,19403,1:26:00 AM
1506,6780,1:18:00 AM
904,7505,1:33:00 AM
661,7432,1:17:00 AM
1366,6810,1:32:00 AM
1204,6776,1:26:00 AM
1559,6912,1:25:00 AM
1908,6949,1:02:00 AM
1741,6799,1:20:00 AM
204,6789,1:15:00 AM
538,6795,1:02:00 AM
20,6799,1:30:00 AM
828,7104,1:06:00 AM
1598,6859,1:18:00 AM
1311,6797,1:18:00 AM
1045,7058,1:17:00 AM
1189,7280,1:14:00 AM
1092,8903,1:06:00 AM
4,6888,1:15:00 AM
914,6789,1:26:00 AM
1130,9529,1:16:00 AM
1475,6922,1:13:00 AM
1596,6791,1:13:00 AM
1703,7035,1:10:00 AM
1848,6949,1:14:00 AM
1285,7007,1:27:00 AM
1545,6984,1:20:00 AM
1305,6925,1:05:00 AM
1126,6888,1:34:00 AM
2058,7505,1:33:00 AM
1107,6796,1:18:00 AM
137,8205,1:15:00 AM
1165,6914,1:02:00 AM
391,6809,1:17:00 AM
2093,6922,1:05:00 AM
254,7024,1:21:00 AM
1296,7443,1:34:00 AM
1189,7280,1:16:00 AM
1996,6858,1:19:00 AM
30,7008,1:09:00 AM
9,6776,1:20:00 AM
277,6838,1:27:00 AM
603,17406,1:21:00 AM
630,6785,1:04:00 AM
216,6790,1:17:00 AM
1379,18939,1:14:00 AM
283,6853,1:14:00 AM
1627,6784,1:02:00 AM
1075,12209,1:27:00 AM
1947,6799,1:16:00 AM
2078,6956,1:25:00 AM
2075,6854,1:19:00 AM
1461,6783,1:34:00 AM
2028,6888,1:07:00 AM
744,6889,1:15:00 AM
136,6795,1:21:00 AM
1,7024,1:28:00 AM
1136,6859,1:03:00 AM
1241,6785,1:00:00 AM
1311,6797,1:15:00 AM
1498,6795,1:33:00 AM
772,6797,1:18:00 AM
1305,6925,1:21:00 AM
1975,6949,1:29:00 AM
194,6785,1:07:00 AM
1839,6780,1:04:00 AM
1935,6799,1:30:00 AM
1965,8474,1:08:00 AM
1253,7058,1:20:00 AM
29,6813,1:29:00 AM
1169,6818,1:25:00 AM
1090,6783,1:29:00 AM
1769,7024,1:33:00 AM
1073,6811,1:17:00 AM
540,6783,1:11:00 AM
744,6889,1:18:00 AM
2100,6791,1:06:00 AM
1074,6838,1:26:00 AM
257,6792,1:25:00 AM
263,6925,1:23:00 AM
1450,6794,1:29:00 AM
311,6866,1:03:00 AM
792,6779,1:27:00 AM
1865,6795,1:04:00 AM
1378,6956,1:32:00 AM
1276,6914,1:17:00 AM
792,6779,1:16:00 AM
1919,6888,1:22:00 AM
252,6810,1:25:00 AM
1302,7022,1:08:00 AM
1768,6891,1:14:00 AM
31,6783,1:10:00 AM
1092,8903,1:11:00 AM
738,6789,1:27:00 AM
1606,6780,1:14:00 AM
627,6857,1:17:00 AM
1045,7058,1:18:00 AM
1285,7007,1:01:00 AM
1908,6949,1:19:00 AM
1955,6866,1:34:00 AM
843,6809,1:21:00 AM
1051,6859,1:01:00 AM
629,7024,1:12:00 AM
75,8903,1:32:00 AM
969,7726,1:33:00 AM
1120,6903,1:14:00 AM
419,6858,1:07:00 AM
922,7212,1:23:00 AM
40,6809,1:19:00 AM
2078,6956,1:00:00 AM
983,6799,1:09:00 AM
2011,6875,1:20:00 AM
2022,6783,1:28:00 AM
2004,6925,1:10:00 AM
1506,6780,1:26:00 AM
128,6810,1:31:00 AM
2083,6783,1:20:00 AM
987,6925,1:33:00 AM
1995,6925,1:02:00 AM
708,6783,1:21:00 AM
1254,6819,1:32:00 AM
1244,6821,1:09:00 AM
1514,7212,1:30:00 AM
204,6789,1:02:00 AM
1165,6914,1:33:00 AM
277,6838,1:09:00 AM
1970,6777,1:02:00 AM
1204,6776,1:07:00 AM
1479,6794,1:03:00 AM
1248,7058,1:02:00 AM
1451,6817,1:32:00 AM
126,6888,1:30:00 AM
1215,12209,1:16:00 AM
1114,6866,1:19:00 AM
1741,6799,1:14:00 AM
213,6811,1:25:00 AM
685,7280,1:12:00 AM
1354,6789,1:25:00 AM
2089,6889,1:15:00 AM
1792,6792,1:17:00 AM
472,21555,1:22:00 AM
1107,6796,1:32:00 AM
1817,7058,1:11:00 AM
520,8903,1:20:00 AM
1991,6850,1:26:00 AM
448,21586,1:34:00 AM
1933,21555,1:13:00 AM
1929,6800,1:22:00 AM
288,6868,1:21:00 AM
1574,6850,1:10:00 AM
1596,6791,1:27:00 AM
237,7104,1:02:00 AM
29,6813,1:08:00 AM
897,7280,1:18:00 AM
859,16274,1:30:00 AM
1937,7022,1:21:00 AM
540,6783,1:05:00 AM
696,6943,1:24:00 AM
1454,6776,1:05:00 AM
1335,6866,1:12:00 AM
1256,6785,1:17:00 AM
914,6789,1:33:00 AM
1506,6780,1:16:00 AM
1883,6779,1:15:00 AM
2034,6781,1:17:00 AM
391,6809,1:08:00 AM
951,6903,1:09:00 AM
380,6792,1:14:00 AM
1789,6819,1:05:00 AM
1488,6951,1:06:00 AM
764,6785,1:31:00 AM
174,6819,1:33:00 AM
204,6789,1:07:00 AM
1854,12209,1:11:00 AM
890,7726,1:27:00 AM
1819,6838,1:04:00 AM
1839,6780,1:29:00 AM
472,21555,1:13:00 AM
1503,6792,1:12:00 AM
1349,6792,1:19:00 AM
500,6922,1:25:00 AM
560,6925,1:34:00 AM
2028,6888,1:28:00 AM
216,6790,1:32:00 AM
1038,6790,1:26:00 AM
1287,6790,1:21:00 AM
119,14146,1:16:00 AM
1598,6859,1:27:00 AM
291,6815,1:34:00 AM
2089,6889,1:24:00 AM
456,6810,1:08:00 AM
1118,6850,1:28:00 AM
1324,6821,1:32:00 AM
2058,7505,1:32:00 AM
128,6810,1:18:00 AM
148,6974,1:25:00 AM
30,7008,1:07:00 AM
1627,6784,1:06:00 AM
1272,6777,1:13:00 AM
1442,12209,1:09:00 AM
667,6783,1:32:00 AM
985,6925,1:02:00 AM
2084,22551,1:18:00 AM
1965,8474,1:09:00 AM
2050,6794,1:15:00 AM
431,6810,1:30:00 AM
556,6809,1:23:00 AM
2064,7280,1:22:00 AM
844,7443,1:09:00 AM
1034,6794,1:03:00 AM
1178,9079,1:19:00 AM
464,6888,1:18:00 AM
333,6811,1:29:00 AM
1068,6779,1:05:00 AM
661,7432,1:13:00 AM
1947,6799,1:12:00 AM
1561,6796,1:32:00 AM
820,22785,1:05:00 AM
518,6782,1:09:00 AM
1587,6780,1:03:00 AM
762,7505,1:21:00 AM
778,6780,1:24:00 AM
426,6797,1:16:00 AM
1452,6891,1:02:00 AM
1178,9079,1:11:00 AM
909,6780,1:24:00 AM
696,6943,1:02:00 AM
284,16938,1:21:00 AM
869,6809,1:06:00 AM
1451,6817,1:17:00 AM
1693,22935,1:15:00 AM
559,6790,1:04:00 AM
1319,6818,1:15:00 AM
1933,21555,1:02:00 AM
683,6889,1:27:00 AM
656,6783,1:24:00 AM
996,6984,1:18:00 AM
1318,6910,1:19:00 AM
738,6789,1:00:00 AM
286,6886,1:25:00 AM
1868,6888,1:24:00 AM
277,6838,1:32:00 AM
1522,6974,1:28:00 AM
2014,8474,1:30:00 AM
254,7024,1:21:00 AM
518,6782,1:07:00 AM
702,6817,1:28:00 AM
1662,23204,1:12:00 AM
1503,6792,1:25:00 AM
502,6799,1:34:00 AM
1707,6858,1:16:00 AM
1882,6925,1:17:00 AM
914,6789,1:16:00 AM
1573,6777,1:22:00 AM
1169,6818,1:26:00 AM
200,6813,1:25:00 AM
213,6811,1:15:00 AM
1498,6795,1:05:00 AM
1548,6776,1:34:00 AM
119,14146,1:07:00 AM
1287,6790,1:18:00 AM
1911,6778,1:10:00 AM
128,6810,1:04:00 AM
70,23415,1:08:00 AM
1169,6818,1:10:00 AM
311,6866,1:12:00 AM
876,6920,1:14:00 AM
1311,6797,1:22:00 AM
1137,18142,1:11:00 AM
401,6790,1:04:00 AM
1482,6787,1:07:00 AM
1545,6984,1:25:00 AM
2093,6922,1:09:00 AM
516,6784,1:06:00 AM
1461,6783,1:18:00 AM
97,6911,1:23:00 AM
1012,6875,1:14:00 AM
178,6949,1:25:00 AM
1090,6783,1:31:00 AM
380,6792,1:14:00 AM
1969,9671,1:29:00 AM
1,7024,1:08:00 AM
778,6780,1:27:00 AM
1220,6859,1:22:00 AM
708,6783,1:04:00 AM
1970,6777,1:21:00 AM
771,6857,1:21:00 AM
762,7505,1:11:00 AM
1687,6820,1:14:00 AM
497,7038,1:00:00 AM
311,6866,1:11:00 AM
2037,6821,1:28:00 AM
789,6796,1:03:00 AM
1313,23919,1:18:00 AM
798,7058,1:32:00 AM
1396,6815,1:33:00 AM
1056,6780,1:08:00 AM
442,7035,1:21:00 AM
533,6791,1:21:00 AM
90,7008,1:02:00 AM
378,6914,1:08:00 AM
148,6974,1:26:00 AM
449,6778,1:25:00 AM
1498,6795,1:07:00 AM
1675,6787,1:20:00 AM
1969,9671,1:34:00 AM
1001,6949,1:25:00 AM
1658,6782,1:16:00 AM
2033,6791,1:18:00 AM
44,6853,1:16:00 AM
2066,6799,1:03:00 AM
1137,18142,1:32:00 AM
1026,24121,1:22:00 AM
861,6925,1:31:00 AM
1034,6794,1:29:00 AM
1379,18939,1:19:00 AM
1929,6800,1:31:00 AM
996,6984,1:30:00 AM
329,6914,1:08:00 AM
417,6789,1:10:00 AM
1693,22935,1:24:00 AM
1773,6859,1:11:00 AM
1034,6794,1:01:00 AM
546,6817,1:26:00 AM
391,6809,1:16:00 AM
1318,6910,1:09:00 AM
673,24372,1:02:00 AM
381,6911,1:15:00 AM
1035,6790,1:32:00 AM
1475,6922,1:17:00 AM
1085,6910,1:07:00 AM
1128,6792,1:00:00 AM
694,6821,1:14:00 AM
1658,6782,1:15:00 AM
199,6818,1:01:00 AM
1300,7008,1:31:00 AM
1573,6777,1:10:00 AM
1272,6777,1:28:00 AM
648,6781,1:33:00 AM
262,7022,1:35:00 AM
209,6784,1:33:00 AM
1137,18142,1:32:00 AM
1254,6819,1:03:00 AM
556,6809,1:33:00 AM
621,6914,1:11:00 AM
1324,6821,1:02:00 AM
1498,6795,1:19:00 AM
1688,7024,1:17:00 AM
936,6949,1:32:00 AM
194,6785,1:22:00 AM
578,7058,1:29:00 AM
2075,6854,1:07:00 AM
563,6789,1:18:00 AM
507,6813,1:34:00 AM
430,24967,1:13:00 AM
1070,6911,1:26:00 AM
2026,7104,1:15:00 AM
1427,18939,1:33:00 AM
1865,6795,1:18:00 AM
915,7104,1:08:00 AM
861,6925,1:27:00 AM
1166,6790,1:09:00 AM
365,6819,1:34:00 AM
1066,7028,1:18:00 AM
1959,6820,1:25:00 AM
250,7028,1:33:00 AM
1210,23919,1:31:00 AM
1975,6949,1:14:00 AM
986,6889,1:34:00 AM
630,6785,1:00:00 AM
712,6850,1:00:00 AM
1296,7443,1:00:00 AM
822,22935,1:00:00 AM
908,23919,1:00:00 AM
558,7007,1:00:00 AM
1127,7008,1:00:00 AM
2100,6791,1:00:00 AM
1114,6866,1:00:00 AM
876,6920,1:00:00 AM
1362,6984,1:00:00 AM
1254,6819,1:00:00 AM
996,6984,1:00:00 AM
969,7726,1:00:00 AM
1313,23919,1:00:00 AM
674,6778,1:00:00 AM
104,6795,1:00:00 AM
1503,6792,1:00:00 AM
423,6925,1:00:00 AM
1035,6790,1:00:00 AM
589,6889,1:00:00 AM
738,6789,1:00:00 AM
380,6792,1:00:00 AM
378,6914,1:00:00 AM
1246,6854,1:00:00 AM
621,6914,1:00:00 AM
1118,6850,1:00:00 AM
1556,6922,1:00:00 AM
1204,6776,1:00:00 AM
1265,6784,1:00:00 AM
2084,22551,1:00:00 AM
1997,6875,1:00:00 AM
1788,6925,1:00:00 AM
2033,6791,1:00:00 AM
853,7212,1:00:00 AM
1538,6854,1:00:00 AM
1276,6914,1:00:00 AM
1995,6925,1:00:00 AM
1472,19390,1:00:00 AM
1675,6787,1:00:00 AM
417,6789,1:00:00 AM
49,7443,1:00:00 AM
1559,6912,1:00:00 AM
1754,6810,1:00:00 AM
636,17406,1:00:00 AM
1153,7212,1:00:00 AM
110,6854,1:00:00 AM
447,6868,1:00:00 AM
789,6796,1:00:00 AM
431,6810,1:00:00 AM
2095,6889,1:00:00 AM
1996,6858,1:00:00 AM
759,6857,1:00:00 AM
2058,7505,1:00:00 AM
44,6853,1:00:00 AM
1287,6790,1:00:00 AM
674,6778,1:00:00 AM
1303,6777,1:00:00 AM
1318,6910,1:00:00 AM
1411,6854,1:00:00 AM
859,16274,1:00:00 AM
280,6956,1:00:00 AM
876,6920,1:00:00 AM
1849,6911,1:00:00 AM
1427,18939,1:00:00 AM
923,7432,1:00:00 AM
804,6819,1:00:00 AM
906,18939,1:00:00 AM
772,6797,1:00:00 AM
1955,6866,1:00:00 AM
886,6910,1:00:00 AM
1092,8903,1:00:00 AM
70,23415,1:00:00 AM
1919,6888,1:00:00 AM
923,7432,1:00:00 AM
1792,6792,1:00:00 AM
719,6792,1:00:00 AM
178,6949,1:00:00 AM
505,7212,1:00:00 AM
1305,6925,1:00:00 AM
1450,6794,1:00:00 AM
914,6789,1:00:00 AM
1087,6797,1:00:00 AM
521,6809,1:00:00 AM
950,6914,1:00:00 AM
380,6792,1:00:00 AM
229,6792,1:00:00 AM
1396,6815,1:00:00 AM
148,6974,1:00:00 AM
2006,6974,1:00:00 AM
2095,6889,1:00:00 AM
522,18142,1:00:00 AM
1416,26437,1:00:00 AM
1991,6850,1:00:00 AM
2050,6794,1:00:00 AM
558,7007,1:00:00 AM
1494,6859,1:00:00 AM
230,6853,1:00:00 AM
336,9079,1:00:00 AM
30,7008,1:00:00 AM
1665,6811,1:00:00 AM
1693,22935,1:00:00 AM
257,6792,1:00:00 AM
2075,6854,1:00:00 AM
1487,26541,1:00:00 AM
1933,21555,1:00:00 AM
1978,7212,1:00:00 AM
1658,6782,1:00:00 AM
288,6868,1:00:00 AM
497,7038,1:00:00 AM
843,6809,1:00:00 AM
1265,6784,1:00:00 AM
985,6925,1:00:00 AM
1034,6794,1:00:00 AM
1984,6795,1:00:00 AM
237,7104,1:00:00 AM
1509,6889,1:00:00 AM
199,6818,1:00:00 AM
1045,7058,1:00:00 AM
1451,6817,1:00:00 AM
669,6984,1:00:00 AM
252,6810,1:00:00 AM
1955,6866,1:00:00 AM
1995,6925,1:00:00 AM
1237,6819,1:00:00 AM
859,16274,1:00:00 AM
1566,16938,1:00:00 AM
500,6922,1:00:00 AM
1025,6920,1:00:00 AM
1276,6914,1:00:00 AM
1819,6838,1:00:00 AM
2011,6875,1:00:00 AM
923,7432,1:00:00 AM
1189,7280,1:00:00 AM
1219,6854,1:00:00 AM
1375,7022,1:00:00 AM
1008,7280,1:00:00 AM
1087,6797,1:00:00 AM
2064,7280,1:00:00 AM
546,6817,1:00:00 AM
853,7212,1:00:00 AM
438,6790,1:00:00 AM
516,6784,1:00:00 AM
801,6857,1:00:00 AM
265,6819,1:00:00 AM
1793,7058,1:00:00 AM
2034,6781,1:00:00 AM
1349,6792,1:00:00 AM
986,6889,1:00:00 AM
515,6821,1:00:00 AM
1688,7024,1:00:00 AM
681,7038,1:00:00 AM
1225,6850,1:00:00 AM
1789,6819,1:00:00 AM
224,27253,1:00:00 AM
1903,27257,1:00:00 AM
764,6785,1:00:00 AM
147,7726,1:00:00 AM
645,11208,1:00:00 AM
69,6853,1:00:00 AM
1126,6888,1:00:00 AM
1429,6776,1:00:00 AM
29,6813,1:00:00 AM
464,6888,1:00:00 AM
1941,6866,1:00:00 AM
759,6857,1:00:00 AM
1482,6787,1:00:00 AM
987,6925,1:00:00 AM
772,6797,1:00:00 AM
1598,6859,1:00:00 AM
667,6783,1:00:00 AM
380,6792,1:00:00 AM
2033,6791,1:00:00 AM
518,6782,1:00:00 AM
822,22935,1:00:00 AM
1709,6866,1:00:00 AM
333,6811,1:00:00 AM
284,16938,1:00:00 AM
894,7726,1:00:00 AM
1475,6922,1:00:00 AM
1665,6811,1:00:00 AM
1545,6984,1:00:00 AM
126,6888,1:00:00 AM
2089,6889,1:00:00 AM
1637,6796,1:00:00 AM
31,6783,1:00:00 AM
63,6784,1:00:00 AM
834,6819,1:00:00 AM
1302,7022,1:00:00 AM
437,6776,1:00:00 AM
804,6819,1:00:00 AM
1488,6951,1:00:00 AM
1741,6799,1:00:00 AM
986,6889,1:00:00 AM
631,6789,1:00:00 AM
254,7024,1:00:00 AM
621,6914,1:00:00 AM
708,6783,1:00:00 AM
2064,7280,1:00:00 AM
985,6925,1:00:00 AM
1037,6951,1:00:00 AM
702,6817,1:00:00 AM
1220,6859,1:00:00 AM
428,6886,1:00:00 AM
1773,6859,1:00:00 AM
250,7028,1:00:00 AM
1792,6792,1:00:00 AM
767,6791,1:00:00 AM
1256,6785,1:00:00 AM
667,6783,1:00:00 AM
738,6789,1:00:00 AM
1768,6891,1:00:00 AM
540,6783,1:00:00 AM
1179,22935,1:00:00 AM
1556,6922,1:00:00 AM
1311,6797,1:00:00 AM
1596,6791,1:00:00 AM
859,16274,1:00:00 AM
419,6858,1:00:00 AM
1253,7058,1:00:00 AM
993,19390,1:00:00 AM
1085,6910,1:00:00 AM
1995,6925,1:00:00 AM
1972,6789,1:00:00 AM
1035,6790,1:00:00 AM
1276,6914,1:00:00 AM
1882,6925,1:00:00 AM
661,7432,1:00:00 AM
131,6974,1:00:00 AM
259,9529,1:00:00 AM
1703,7035,1:00:00 AM
1984,6795,1:00:00 AM
14,6782,1:00:00 AM
681,7038,1:00:00 AM
1954,6819,1:00:00 AM
1051,6859,1:00:00 AM
1311,6797,1:00:00 AM
1509,6889,1:00:00 AM
1366,6810,1:00:00 AM
1378,6956,1:00:00 AM
616,15383,1:00:00 AM
1110,6973,1:00:00 AM
838,6889,1:00:00 AM
591,17406,1:00:00 AM
1874,6853,1:00:00 AM
1195,6974,1:00:00 AM
968,6911,1:00:00 AM
2034,6781,1:00:00 AM
1535,6795,1:00:00 AM
533,6791,1:00:00 AM
2065,6951,1:00:00 AM
2022,6783,1:00:00 AM
485,6951,1:00:00 AM
1318,6910,1:00:00 AM
789,6796,1:00:00 AM
63,6784,1:00:00 AM
2067,6784,1:00:00 AM
853,7212,1:00:00 AM
1996,6858,1:00:00 AM
1324,6821,1:00:00 AM
1068,6779,1:00:00 AM
812,6859,1:00:00 AM
1192,7212,1:00:00 AM
1129,6903,1:00:00 AM
914,6789,1:00:00 AM
1380,6778,1:00:00 AM
1295,7024,1:00:00 AM
1789,6819,1:00:00 AM
110,6854,1:00:00 AM
1908,6949,1:00:00 AM
1059,6811,1:00:00 AM
1285,7007,1:00:00 AM
982,7443,1:00:00 AM
645,11208,1:00:00 AM
701,6792,1:00:00 AM
2028,6888,1:00:00 AM
209,6784,1:00:00 AM
1672,6784,1:00:00 AM
320,27253,1:00:00 AM
476,6863,1:00:00 AM
1965,8474,1:00:00 AM
419,6858,1:00:00 AM
1596,6791,1:00:00 AM
1296,7443,1:00:00 AM
137,8205,1:00:00 AM
518,6782,1:00:00 AM
277,6838,1:00:00 AM
1817,7058,1:00:00 AM
319,6857,1:00:00 AM
621,6914,1:00:00 AM
1162,6974,1:00:00 AM
44,6853,1:00:00 AM
1074,6838,1:00:00 AM
1929,6800,1:00:00 AM
743,6922,1:00:00 AM
764,6785,1:00:00 AM
771,6857,1:00:00 AM
1693,22935,1:00:00 AM
1556,6922,1:00:00 AM
305,6943,1:00:00 AM
694,6821,1:00:00 AM
1,7024,1:00:00 AM
425,7443,1:00:00 AM
1768,6891,1:00:00 AM
629,7024,1:00:00 AM
917,6863,1:00:00 AM
1451,6817,1:00:00 AM
146,6850,1:00:00 AM
1703,7035,1:00:00 AM
286,6886,1:00:00 AM
2047,6889,1:00:00 AM
881,6974,1:00:00 AM
1935,6799,1:00:00 AM
994,15383,1:00:00 AM
740,6778,1:00:00 AM
350,6777,1:00:00 AM
14,6782,1:00:00 AM
1573,6777,1:00:00 AM
2095,6889,1:00:00 AM
1970,6777,1:00:00 AM
1839,6780,1:00:00 AM
1136,6859,1:00:00 AM
2030,6821,1:00:00 AM
951,6903,1:00:00 AM
40,6809,1:00:00 AM
1127,7008,1:00:00 AM
2075,6854,1:00:00 AM
1561,6796,1:00:00 AM
853,7212,1:00:00 AM
2004,6925,1:00:00 AM
368,6792,1:00:00 AM
683,6889,1:00:00 AM
2067,6784,1:00:00 AM
1225,6850,1:00:00 AM
283,6853,1:00:00 AM
412,6778,1:00:00 AM
1536,7505,1:00:00 AM
1472,19390,1:00:00 AM
199,6818,1:00:00 AM
1204,6776,1:00:00 AM
1705,7038,1:00:00 AM
1879,6797,1:00:00 AM
1095,6792,1:00:00 AM
237,7104,1:00:00 AM
128,6810,1:00:00 AM
1069,6857,1:00:00 AM
708,6783,1:00:00 AM
669,6984,1:00:00 AM
1396,6815,1:00:00 AM
430,24967,1:00:00 AM
125,6973,1:00:00 AM
1068,6779,1:00:00 AM
260,7270,1:00:00 AM
702,6817,1:00:00 AM
753,7726,1:00:00 AM
428,6886,1:00:00 AM
1408,6791,1:00:00 AM
1848,6949,1:00:00 AM
1256,6785,1:00:00 AM
977,9671,1:00:00 AM
1673,6818,1:00:00 AM
1538,6854,1:00:00 AM
88,6821,1:00:00 AM
629,7024,1:00:00 AM
764,6785,1:00:00 AM
534,30251,1:00:00 AM
501,6795,1:00:00 AM
1955,6866,1:00:00 AM
454,6791,1:00:00 AM
2041,6922,1:00:00 AM
40,6809,1:00:00 AM
230,6853,1:00:00 AM
2018,6820,1:00:00 AM
897,7280,1:00:00 AM
1311,6797,1:00:00 AM
241,7022,1:00:00 AM
1996,6858,1:00:00 AM
993,19390,1:00:00 AM
1559,6912,1:00:00 AM
447,6868,1:00:00 AM
2008,19390,1:00:00 AM
1452,6891,1:00:00 AM
14,6782,1:00:00 AM
674,6778,1:00:00 AM
639,6815,1:00:00 AM
1192,7212,1:00:00 AM
1137,18142,1:00:00 AM
1693,22935,1:00:00 AM
1189,7280,1:00:00 AM
283,6853,1:00:00 AM
394,6875,1:00:00 AM
489,7022,1:00:00 AM
730,6891,1:00:00 AM
162,8205,1:00:00 AM
1318,6910,1:00:00 AM
1070,6911,1:00:00 AM
1068,6779,1:00:00 AM
603,17406,1:00:00 AM
1128,6792,1:00:00 AM
1498,6795,1:00:00 AM
492,16274,1:00:00 AM
1839,6780,1:00:00 AM
1761,8903,1:00:00 AM
771,6857,1:00:00 AM
485,6951,1:00:00 AM
969,7726,1:00:00 AM
906,18939,1:00:00 AM
305,6943,1:00:00 AM
1625,24967,1:00:00 AM
1984,6795,1:00:00 AM
1014,6853,1:00:00 AM
712,6850,1:00:00 AM
254,7024,1:00:00 AM
2075,6854,1:00:00 AM
1107,6796,1:00:00 AM
450,6795,1:00:00 AM
373,6796,1:00:00 AM
804,6819,1:00:00 AM
198,7038,1:00:00 AM
2041,6922,1:00:00 AM
1497,6956,1:00:00 AM
540,6783,1:00:00 AM
1707,6858,1:00:00 AM
1287,6790,1:00:00 AM
442,7035,1:00:00 AM
917,6863,1:00:00 AM
1058,24372,1:00:00 AM
1095,6792,1:00:00 AM
1130,9529,1:00:00 AM
1879,6797,1:00:00 AM
108,6809,1:00:00 AM
929,6797,1:00:00 AM
977,9671,1:00:00 AM
1272,6777,1:00:00 AM
240,6783,1:00:00 AM
668,6781,1:00:00 AM
963,6850,1:00:00 AM
1907,6813,1:00:00 AM
1914,6819,1:00:00 AM
1941,6866,1:00:00 AM
2033,6791,1:00:00 AM
1854,12209,1:00:00 AM
162,8205,1:00:00 AM
812,6859,1:00:00 AM
1989,6782,1:00:00 AM
1116,7008,1:00:00 AM
1087,6797,1:00:00 AM
563,6789,1:00:00 AM
401,6790,1:00:00 AM
1566,16938,1:00:00 AM
1894,27253,1:00:00 AM
2065,6951,1:00:00 AM
1276,6914,1:00:00 AM
1740,7038,1:00:00 AM
2035,22551,1:00:00 AM
577,7270,1:00:00 AM
1192,7212,1:00:00 AM
645,11208,1:00:00 AM
283,6853,1:00:00 AM
2028,6888,1:00:00 AM
368,6792,1:00:00 AM
1937,7022,1:00:00 AM
30,7008,1:00:00 AM
513,6785,1:00:00 AM
673,24372,1:00:00 AM
71,6863,1:00:00 AM
1538,6854,1:00:00 AM
1707,6858,1:00:00 AM
505,7212,1:00:00 AM
29,6813,1:00:00 AM
2021,6920,1:00:00 AM
1313,23919,1:00:00 AM
135,12209,1:00:00 AM
1994,6858,1:00:00 AM
2021,6920,1:00:00 AM
222,6778,1:00:00 AM
407,6777,1:00:00 AM
368,6792,1:00:00 AM
229,6792,1:00:00 AM
1120,6903,1:00:00 AM
1687,6820,1:00:00 AM
104,6795,1:00:00 AM
1548,6776,1:00:00 AM
803,6911,1:00:00 AM
708,6783,1:00:00 AM
125,6973,1:00:00 AM
284,16938,1:00:00 AM
2066,6799,1:00:00 AM
1703,7035,1:00:00 AM
1056,6780,1:00:00 AM
69,6853,1:00:00 AM
286,6886,1:00:00 AM
627,6857,1:00:00 AM
1237,6819,1:00:00 AM
894,7726,1:00:00 AM
853,7212,1:00:00 AM
521,6809,1:00:00 AM
1396,6815,1:00:00 AM
733,6850,1:00:00 AM
1503,6792,1:00:00 AM
259,9529,1:00:00 AM
1335,6866,1:00:00 AM
1370,7212,1:00:00 AM
1932,22551,1:00:00 AM
2026,7104,1:00:00 AM
1259,6853,1:00:00 AM
1375,7022,1:00:00 AM
196,6789,1:00:00 AM
1583,18939,1:00:00 AM
1488,6951,1:00:00 AM
97,6911,1:00:00 AM
556,6809,1:00:00 AM
798,7058,1:00:00 AM
708,6783,1:00:00 AM
963,6850,1:00:00 AM
333,6811,1:00:00 AM
1026,24121,1:00:00 AM
1672,6784,1:00:00 AM
696,6943,1:00:00 AM
1244,6821,1:00:00 AM
1671,6858,1:00:00 AM
29,6813,1:00:00 AM
1069,6857,1:00:00 AM
554,6820,1:00:00 AM
458,6781,1:00:00 AM
922,7212,1:00:00 AM
1220,6859,1:00:00 AM
1741,6799,1:00:00 AM
1538,6854,1:00:00 AM
391,6809,1:00:00 AM
70,23415,1:00:00 AM
1001,6949,1:00:00 AM
1705,7038,1:00:00 AM
639,6815,1:00:00 AM
1256,6785,1:00:00 AM
516,6784,1:00:00 AM
1166,6790,1:00:00 AM
458,6781,1:00:00 AM
1574,6850,1:00:00 AM
1090,6783,1:00:00 AM
776,6795,1:00:00 AM
476,6863,1:00:00 AM
1907,6813,1:00:00 AM
1565,33007,1:00:00 AM
1107,6796,1:00:00 AM
1627,6784,1:00:00 AM
500,6922,1:00:00 AM
1659,6810,1:00:00 AM
1380,6778,1:00:00 AM
1215,12209,1:00:00 AM
1514,7212,1:00:00 AM
1188,7270,1:00:00 AM
265,6819,1:00:00 AM
1,7024,1:00:00 AM
1479,6794,1:00:00 AM
1617,7024,1:00:00 AM
419,6858,1:00:00 AM
333,6811,1:00:00 AM
2022,6783,1:00:00 AM
1272,6777,1:00:00 AM
971,6858,1:00:00 AM
2050,6794,1:00:00 AM
1313,23919,1:00:00 AM
513,6785,1:00:00 AM
147,7726,1:00:00 AM
1472,19390,1:00:00 AM
1598,6859,1:00:00 AM
489,7022,1:00:00 AM
1165,6914,1:00:00 AM
329,6914,1:00:00 AM
2083,6783,1:00:00 AM
1561,6796,1:00:00 AM
743,6922,1:00:00 AM
502,6799,1:00:00 AM
1608,6850,1:00:00 AM
897,7280,1:00:00 AM
804,6819,1:00:00 AM
616,15383,1:00:00 AM
2098,7443,1:00:00 AM
1997,6875,1:00:00 AM
1375,7022,1:00:00 AM
1550,6910,1:00:00 AM
2089,6889,1:00:00 AM
2021,6920,1:00:00 AM
1955,6866,1:00:00 AM
639,6815,1:00:00 AM
955,7104,1:00:00 AM
886,6910,1:00:00 AM
615,6777,1:00:00 AM
1096,6820,1:00:00 AM
1947,6799,1:00:00 AM
1256,6785,1:00:00 AM
1989,6782,1:00:00 AM
1010,6820,1:00:00 AM
512,6792,1:00:00 AM
1303,6777,1:00:00 AM
881,6974,1:00:00 AM
1114,6866,1:00:00 AM
906,18939,1:00:00 AM
772,6797,1:00:00 AM
679,6790,1:00:00 AM
448,21586,1:00:00 AM
615,6777,1:00:00 AM
391,6809,1:00:00 AM
2093,6922,1:00:00 AM
792,6779,1:00:00 AM
2016,15383,1:00:00 AM
505,7212,1:00:00 AM
1254,6819,1:00:00 AM
1033,6818,1:00:00 AM
709,6821,1:00:00 AM
789,6796,1:00:00 AM
250,7028,1:00:00 AM
1606,6780,1:00:00 AM
1882,6925,1:00:00 AM
1658,6782,1:00:00 AM
175,23415,1:00:00 AM
1336,7035,1:00:00 AM
1302,7022,1:00:00 AM
305,6943,1:00:00 AM
1556,6922,1:00:00 AM
1311,6797,1:00:00 AM
1427,18939,1:00:00 AM
507,6813,1:00:00 AM
1932,22551,1:00:00 AM
1792,6792,1:00:00 AM
110,6854,1:00:00 AM
1583,18939,1:00:00 AM
1789,6819,1:00:00 AM
1844,6956,1:00:00 AM
556,6809,1:00:00 AM
1503,6792,1:00:00 AM
401,6790,1:00:00 AM
679,6790,1:00:00 AM
1932,22551,1:00:00 AM
951,6903,1:00:00 AM
147,7726,1:00:00 AM
1609,6889,1:00:00 AM
1120,6903,1:00:00 AM
108,6809,1:00:00 AM
1525,7028,1:00:00 AM
1919,6888,1:00:00 AM
907,15383,1:00:00 AM
1268,6791,1:00:00 AM
1472,19390,1:00:00 AM
1059,6811,1:00:00 AM
461,6787,1:00:00 AM
2004,6925,1:00:00 AM
97,6911,1:00:00 AM
1959,6820,1:00:00 AM
656,6783,1:00:00 AM
1037,6951,1:00:00 AM
319,6857,1:00:00 AM
1758,6782,1:00:00 AM
733,6850,1:00:00 AM
428,6886,1:00:00 AM
69,6853,1:00:00 AM
1378,6956,1:00:00 AM
1127,7008,1:00:00 AM
1753,6791,1:00:00 AM
1300,7008,1:00:00 AM
166,7038,1:00:00 AM
1800,6785,1:00:00 AM
673,24372,1:00:00 AM
1859,34844,1:00:00 AM
1954,6819,1:00:00 AM
296,17406,1:00:00 AM
753,7726,1:00:00 AM
1316,12209,1:00:00 AM
31,6783,1:00:00 AM
489,7022,1:00:00 AM
1955,6866,1:00:00 AM
450,6795,1:00:00 AM
1116,7008,1:00:00 AM
240,6783,1:00:00 AM
472,21555,1:00:00 AM
894,7726,1:00:00 AM
216,6790,1:00:00 AM
1020,34969,1:00:00 AM
1509,6889,1:00:00 AM
333,6811,1:00:00 AM
1574,6850,1:00:00 AM
250,7028,1:00:00 AM
1137,18142,1:00:00 AM
1588,6776,1:00:00 AM
1450,6794,1:00:00 AM
1065,24372,1:00:00 AM
629,7024,1:00:00 AM
1908,6949,1:00:00 AM
1618,6821,1:00:00 AM
822,22935,1:00:00 AM
611,6809,1:00:00 AM
1950,6850,1:00:00 AM
1690,34844,1:00:00 AM
350,6777,1:00:00 AM
861,6925,1:00:00 AM
204,6789,1:00:00 AM
252,6810,1:00:00 AM
1319,6818,1:00:00 AM
1741,6799,1:00:00 AM
767,6791,1:00:00 AM
37,7104,1:00:00 AM
1599,6782,1:00:00 AM
1078,6795,1:00:00 AM
1048,6792,1:00:00 AM
263,6925,1:00:00 AM
1237,6819,1:00:00 AM
1859,34844,1:00:00 AM
798,7058,1:00:00 AM
1316,12209,1:00:00 AM
29,6813,1:00:00 AM
1195,6974,1:00:00 AM
1416,26437,1:00:00 AM
1882,6925,1:00:00 AM
744,6889,1:00:00 AM
639,6815,1:00:00 AM
49,7443,1:00:00 AM
1056,6780,1:00:00 AM
2021,6920,1:00:00 AM
1068,6779,1:00:00 AM
122,6914,1:00:00 AM
1819,6838,1:00:00 AM
425,7443,1:00:00 AM
683,6889,1:00:00 AM
1969,9671,1:00:00 AM
1536,7505,1:00:00 AM
1561,6796,1:00:00 AM
1283,9671,1:00:00 AM
1427,18939,1:00:00 AM
208,6858,1:00:00 AM
394,6875,1:00:00 AM
1096,6820,1:00:00 AM
597,6925,1:00:00 AM
329,6914,1:00:00 AM
859,16274,1:00:00 AM
1672,6784,1:00:00 AM
843,6809,1:00:00 AM
1085,6910,1:00:00 AM
709,6821,1:00:00 AM
1559,6912,1:00:00 AM
985,6925,1:00:00 AM
1356,6783,1:00:00 AM
1417,21555,1:00:00 AM
1035,6790,1:00:00 AM
2026,7104,1:00:00 AM
2084,22551,1:00:00 AM
216,6790,1:00:00 AM
904,7505,1:00:00 AM
426,6797,1:00:00 AM
1008,7280,1:00:00 AM
698,6781,1:00:00 AM
1497,6956,1:00:00 AM
1092,8903,1:00:00 AM
1950,6850,1:00:00 AM
1521,6794,1:00:00 AM
147,7726,1:00:00 AM
2100,6791,1:00:00 AM
1438,21555,1:00:00 AM
1847,6779,1:00:00 AM
2035,22551,1:00:00 AM
1769,7024,1:00:00 AM
1383,6777,1:00:00 AM
378,6914,1:00:00 AM
1682,8903,1:00:00 AM
9,6776,1:00:00 AM
286,6886,1:00:00 AM
1659,6810,1:00:00 AM
1965,8474,1:00:00 AM
1932,22551,1:00:00 AM
1259,6853,1:00:00 AM
1522,6974,1:00:00 AM
1349,6792,1:00:00 AM
712,6850,1:00:00 AM
556,6809,1:00:00 AM
1058,24372,1:00:00 AM
1,7024,1:00:00 AM
513,6785,1:00:00 AM
1005,6791,1:00:00 AM
772,6797,1:00:00 AM
533,6791,1:00:00 AM
639,6815,1:00:00 AM
1941,6866,1:00:00 AM
1705,7038,1:00:00 AM
1965,8474,1:00:00 AM
521,6809,1:00:00 AM
1126,6888,1:00:00 AM
1588,6776,1:00:00 AM
341,6780,1:00:00 AM
1954,6819,1:00:00 AM
1509,6889,1:00:00 AM
1442,12209,1:00:00 AM
1606,6780,1:00:00 AM
629,7024,1:00:00 AM
922,7212,1:00:00 AM
1219,6854,1:00:00 AM
1682,8903,1:00:00 AM
1287,6790,1:00:00 AM
476,6863,1:00:00 AM
2006,6974,1:00:00 AM
1179,22935,1:00:00 AM
1854,12209,1:00:00 AM
1074,6838,1:00:00 AM
280,6956,1:00:00 AM
298,26541,1:00:00 AM
1248,7058,1:00:00 AM
1773,6859,1:00:00 AM
373,6796,1:00:00 AM
1283,9671,1:00:00 AM
844,7443,1:00:00 AM
1461,6783,1:00:00 AM
1492,37228,1:00:00 AM
431,6810,1:00:00 AM
454,6791,1:00:00 AM
1869,27257,1:00:00 AM
1959,6820,1:00:00 AM
452,6891,1:00:00 AM
534,30251,1:00:00 AM
708,6783,1:00:00 AM
1047,6946,1:00:00 AM
505,7212,1:00:00 AM
696,6943,1:00:00 AM
1919,6888,1:00:00 AM
673,24372,1:00:00 AM
591,17406,1:00:00 AM
955,7104,1:00:00 AM
380,6792,1:00:00 AM
352,6863,1:00:00 AM
1130,9529,1:00:00 AM
1271,37480,1:00:00 AM
250,7028,1:00:00 AM
863,6811,1:00:00 AM
1868,6888,1:00:00 AM
251,16938,1:00:00 AM
1200,6777,1:00:00 AM
1561,6796,1:00:00 AM
492,16274,1:00:00 AM
803,6911,1:00:00 AM
859,16274,1:00:00 AM
1078,6795,1:00:00 AM
146,6850,1:00:00 AM
1865,6795,1:00:00 AM
1005,6791,1:00:00 AM
119,14146,1:00:00 AM
1873,6850,1:00:00 AM
1051,6859,1:00:00 AM
333,6811,1:00:00 AM
1212,7726,1:00:00 AM
1472,19390,1:00:00 AM
554,6820,1:00:00 AM
764,6785,1:00:00 AM
1999,6866,1:00:00 AM
803,6911,1:00:00 AM
1978,7212,1:00:00 AM
71,6863,1:00:00 AM
1179,22935,1:00:00 AM
738,6789,1:00:00 AM
448,21586,1:00:00 AM
512,6792,1:00:00 AM
685,7280,1:00:00 AM
744,6889,1:00:00 AM
502,6799,1:00:00 AM
1950,6850,1:00:00 AM
485,6951,1:00:00 AM
661,7432,1:00:00 AM
1869,27257,1:00:00 AM
1608,6850,1:00:00 AM
240,6783,1:00:00 AM
208,6858,1:00:00 AM
1152,6922,1:00:00 AM
1937,7022,1:00:00 AM
104,6795,1:00:00 AM
1356,6783,1:00:00 AM
294,6783,1:00:00 AM
1429,6776,1:00:00 AM
694,6821,1:00:00 AM
1416,26437,1:00:00 AM
62,6792,1:00:00 AM
461,6787,1:00:00 AM
838,6889,1:00:00 AM
1136,6859,1:00:00 AM
402,15383,1:00:00 AM
237,7104,1:00:00 AM
1990,23415,1:00:00 AM
1975,6949,1:00:00 AM
740,6778,1:00:00 AM
1994,6858,1:00:00 AM
9,6776,1:00:00 AM
1839,6780,1:00:00 AM
861,6925,1:00:00 AM
1800,6785,1:00:00 AM
683,6889,1:00:00 AM
1784,6949,1:00:00 AM
844,7443,1:00:00 AM
1215,12209,1:00:00 AM
286,6886,1:00:00 AM
763,6794,1:00:00 AM
792,6779,1:00:00 AM
1059,6811,1:00:00 AM
834,6819,1:00:00 AM
521,6809,1:00:00 AM
2070,16938,1:00:00 AM
464,6888,1:00:00 AM
1068,6779,1:00:00 AM
1396,6815,1:00:00 AM
629,7024,1:00:00 AM
1253,7058,1:00:00 AM
1427,18939,1:00:00 AM
1219,6854,1:00:00 AM
515,6821,1:00:00 AM
876,6920,1:00:00 AM
1092,8903,1:00:00 AM
738,6789,1:00:00 AM
1955,6866,1:00:00 AM
482,6787,1:00:00 AM
1919,6888,1:00:00 AM
986,6889,1:00:00 AM
558,7007,1:00:00 AM
1303,6777,1:00:00 AM
1981,19390,1:00:00 AM
915,7104,1:00:00 AM
554,6820,1:00:00 AM
1718,6914,1:00:00 AM
2050,6794,1:00:00 AM
2023,6850,1:00:00 AM
1920,6956,1:00:00 AM
1302,7022,1:00:00 AM
226,6811,1:00:00 AM
128,6810,1:00:00 AM
497,7038,1:00:00 AM
500,6922,1:00:00 AM
296,17406,1:00:00 AM
812,6859,1:00:00 AM
2093,6922,1:00:00 AM
1687,6820,1:00:00 AM
1604,7058,1:00:00 AM
287,37228,1:00:00 AM
378,6914,1:00:00 AM
1503,6792,1:00:00 AM
814,14146,1:00:00 AM
1559,6912,1:00:00 AM
656,6783,1:00:00 AM
1604,7058,1:00:00 AM
1508,6912,1:00:00 AM
319,6857,1:00:00 AM
2075,6854,1:00:00 AM
1617,7024,1:00:00 AM
166,7038,1:00:00 AM
1137,18142,1:00:00 AM
1318,6910,1:00:00 AM
1506,6780,1:00:00 AM
1586,27253,1:00:00 AM
1408,6791,1:00:00 AM
1755,6799,1:00:00 AM
615,6777,1:00:00 AM
993,19390,1:00:00 AM
229,6792,1:00:00 AM
1992,39568,1:00:00 AM
333,6811,1:00:00 AM
1073,6811,1:00:00 AM
1429,6776,1:00:00 AM
207,24372,1:00:00 AM
1311,6797,1:00:00 AM
119,14146,1:00:00 AM
1087,6797,1:00:00 AM
1429,6776,1:00:00 AM
361,6886,1:00:00 AM
1991,6850,1:00:00 AM
853,7212,1:00:00 AM
458,6781,1:00:00 AM
1903,27257,1:00:00 AM
986,6889,1:00:00 AM
29,6813,1:00:00 AM
712,6850,1:00:00 AM
309,18939,1:00:00 AM
660,39568,1:00:00 AM
1626,6778,1:00:00 AM
789,6796,1:00:00 AM
262,7022,1:00:00 AM
642,6920,1:00:00 AM
1548,6776,1:00:00 AM
1983,6794,1:00:00 AM
1189,7280,1:00:00 AM
886,6910,1:00:00 AM
303,6813,1:00:00 AM
365,6819,1:00:00 AM
2030,6821,1:00:00 AM
1941,6866,1:00:00 AM
820,22785,1:00:00 AM
1907,6813,1:00:00 AM
589,6889,1:00:00 AM
62,6792,1:00:00 AM
996,6984,1:00:00 AM
923,7432,1:00:00 AM
1969,9671,1:00:00 AM
194,6785,1:00:00 AM
1427,18939,1:00:00 AM
1438,21555,1:00:00 AM
645,11208,1:00:00 AM
224,27253,1:00:00 AM
776,6795,1:00:00 AM
1164,12209,1:00:00 AM
1659,6810,1:00:00 AM
975,6974,1:00:00 AM
656,6783,1:00:00 AM
88,6821,1:00:00 AM
1494,6859,1:00:00 AM
71,6863,1:00:00 AM
1526,22551,1:00:00 AM
683,6889,1:00:00 AM
260,7270,1:00:00 AM
603,17406,1:00:00 AM
128,6810,1:00:00 AM
1169,6818,1:00:00 AM
648,6781,1:00:00 AM
656,6783,1:00:00 AM
1400,7028,1:00:00 AM
1035,6790,1:00:00 AM
1047,6946,1:00:00 AM
994,15383,1:00:00 AM
1125,6792,1:00:00 AM
1398,6780,1:00:00 AM
534,30251,1:00:00 AM
1354,6789,1:00:00 AM
189,6920,1:00:00 AM
1545,6984,1:00:00 AM
1478,18939,1:00:00 AM
577,7270,1:00:00 AM
1525,7028,1:00:00 AM
445,22935,1:00:00 AM
900,40690,1:00:00 AM
1497,6956,1:00:00 AM
1472,19390,1:00:00 AM
80,6791,1:00:00 AM
37,7104,1:00:00 AM
155,7008,1:00:00 AM
1029,7024,1:00:00 AM
544,6800,1:00:00 AM
1010,6820,1:00:00 AM
388,6795,1:00:00 AM
1920,6956,1:00:00 AM
1092,8903,1:00:00 AM
148,6974,1:00:00 AM
778,6780,1:00:00 AM
814,14146,1:00:00 AM
1740,7038,1:00:00 AM
1671,6858,1:00:00 AM
762,7505,1:00:00 AM
1515,6776,1:00:00 AM
1638,7347,1:00:00 AM
102,18939,1:00:00 AM
2014,8474,1:00:00 AM
286,6886,1:00:00 AM
1189,7280,1:00:00 AM
1548,6776,1:00:00 AM
522,18142,1:00:00 AM
798,7058,1:00:00 AM
708,6783,1:00:00 AM
204,6789,1:00:00 AM
472,21555,1:00:00 AM
1451,6817,1:00:00 AM
214,6779,1:00:00 AM
1412,6820,1:00:00 AM
1625,24967,1:00:00 AM
368,6792,1:00:00 AM
1248,7058,1:00:00 AM
1212,7726,1:00:00 AM
1220,6859,1:00:00 AM
373,6796,1:00:00 AM
2058,7505,1:00:00 AM
1296,7443,1:00:00 AM
1682,8903,1:00:00 AM
1068,6779,1:00:00 AM
1157,7028,1:00:00 AM
814,14146,1:00:00 AM
449,6778,1:00:00 AM
29,6813,1:00:00 AM
1124,6779,1:00:00 AM
2011,6875,1:00:00 AM
843,6809,1:00:00 AM
438,6790,1:00:00 AM
1873,6850,1:00:00 AM
1488,6951,1:00:00 AM
1883,6779,1:00:00 AM
694,6821,1:00:00 AM
146,6850,1:00:00 AM
724,6956,1:00:00 AM
459,6778,1:00:00 AM
341,6780,1:00:00 AM
294,6783,1:00:00 AM
1854,12209,1:00:00 AM
914,6789,1:00:00 AM
1168,23204,1:00:00 AM
1933,21555,1:00:00 AM
1324,6821,1:00:00 AM
194,6785,1:00:00 AM
1385,7008,1:00:00 AM
2028,6888,1:00:00 AM
426,6797,1:00:00 AM
839,6792,1:00:00 AM
986,6889,1:00:00 AM
770,18142,1:00:00 AM
1128,6792,1:00:00 AM
2084,22551,1:00:00 AM
131,6974,1:00:00 AM
2064,7280,1:00:00 AM
2016,15383,1:00:00 AM
345,6914,1:00:00 AM
606,8474,1:00:00 AM
1593,6974,1:00:00 AM
993,19390,1:00:00 AM
1506,6780,1:00:00 AM
904,7505,1:00:00 AM
792,6779,1:00:00 AM
388,6795,1:00:00 AM
1237,6819,1:00:00 AM
1241,6785,1:00:00 AM
751,6809,1:00:00 AM
80,6791,1:00:00 AM
1110,6973,1:00:00 AM
1638,7347,1:00:00 AM
533,6791,1:00:00 AM
146,6850,1:00:00 AM
615,6777,1:00:00 AM
298,26541,1:00:00 AM
1503,6792,1:00:00 AM
834,6819,1:00:00 AM
2041,6922,1:00:00 AM
1659,6810,1:00:00 AM
136,6795,1:00:00 AM
1429,6776,1:00:00 AM
1085,6910,1:00:00 AM
240,6783,1:00:00 AM
994,15383,1:00:00 AM
639,6815,1:00:00 AM
63,6784,1:00:00 AM
822,22935,1:00:00 AM
1319,6818,1:00:00 AM
869,6809,1:00:00 AM
648,6781,1:00:00 AM
776,6795,1:00:00 AM
125,6973,1:00:00 AM
908,23919,1:00:00 AM
1114,6866,1:00:00 AM
454,6791,1:00:00 AM
1911,6778,1:00:00 AM
348,27257,1:00:00 AM
2065,6951,1:00:00 AM
1032,6779,1:00:00 AM
668,6781,1:00:00 AM
2033,6791,1:00:00 AM
461,6787,1:00:00 AM
1587,6780,1:00:00 AM
1800,6785,1:00:00 AM
1047,6946,1:00:00 AM
417,6789,1:00:00 AM
1865,6795,1:00:00 AM
2021,6920,1:00:00 AM
1164,12209,1:00:00 AM
1627,6784,1:00:00 AM
702,6817,1:00:00 AM
1153,7212,1:00:00 AM
401,6790,1:00:00 AM
1400,7028,1:00:00 AM
1056,6780,1:00:00 AM
1372,6866,1:00:00 AM
102,18939,1:00:00 AM
1508,6912,1:00:00 AM
759,6857,1:00:00 AM
603,17406,1:00:00 AM
545,6838,1:00:00 AM
1515,6776,1:00:00 AM
733,6850,1:00:00 AM
230,6853,1:00:00 AM
589,6889,1:00:00 AM
476,6863,1:00:00 AM
431,6810,1:00:00 AM
738,6789,1:00:00 AM
1671,6858,1:00:00 AM
1484,6790,1:00:00 AM
1509,6889,1:00:00 AM
341,6780,1:00:00 AM
1428,6984,1:00:00 AM
226,6811,1:00:00 AM
1687,6820,1:00:00 AM
1844,6956,1:00:00 AM
1561,6796,1:00:00 AM
1816,6946,1:00:00 AM
554,6820,1:00:00 AM
719,6792,1:00:00 AM
1608,6850,1:00:00 AM
1295,7024,1:00:00 AM
1929,6800,1:00:00 AM
631,6789,1:00:00 AM
2037,6821,1:00:00 AM
70,23415,1:00:00 AM
1344,40690,1:00:00 AM
951,6903,1:00:00 AM
428,6886,1:00:00 AM
438,6790,1:00:00 AM
1034,6794,1:00:00 AM
1596,6791,1:00:00 AM
1618,6821,1:00:00 AM
1118,6850,1:00:00 AM
1134,6815,1:00:00 AM
630,6785,1:00:00 AM
1854,12209,1:00:00 AM
513,6785,1:00:00 AM
894,7726,1:00:00 AM
1659,6810,1:00:00 AM
1370,7212,1:00:00 AM
1084,6778,1:00:00 AM
1035,6790,1:00:00 AM
2014,8474,1:00:00 AM
767,6791,1:00:00 AM
2066,6799,1:00:00 AM
1107,6796,1:00:00 AM
546,6817,1:00:00 AM
556,6809,1:00:00 AM
1873,6850,1:00:00 AM
1240,11208,1:00:00 AM
2035,22551,1:00:00 AM
483,6779,1:00:00 AM
2067,6784,1:00:00 AM
712,6850,1:00:00 AM
352,6863,1:00:00 AM
110,6854,1:00:00 AM
1087,6797,1:00:00 AM
1127,7008,1:00:00 AM
1188,7270,1:00:00 AM
1136,6859,1:00:00 AM
1362,6984,1:00:00 AM
1879,6797,1:00:00 AM
1454,6776,1:00:00 AM
122,6914,1:00:00 AM
1989,6782,1:00:00 AM
1672,6784,1:00:00 AM
648,6781,1:00:00 AM
1482,6787,1:00:00 AM
1008,7280,1:00:00 AM
1253,7058,1:00:00 AM
1383,6777,1:00:00 AM
1545,6984,1:00:00 AM
1070,6911,1:00:00 AM
262,7022,1:00:00 AM
485,6951,1:00:00 AM
751,6809,1:00:00 AM
1162,6974,1:00:00 AM
2058,7505,1:00:00 AM
103,6868,1:00:00 AM
1896,6974,1:00:00 AM
999,6780,1:00:00 AM
1554,6780,1:00:00 AM
616,15383,1:00:00 AM
1168,23204,1:00:00 AM
1789,6819,1:00:00 AM
1385,7008,1:00:00 AM
104,6795,1:00:00 AM
985,6925,1:00:00 AM
1120,6903,1:00:00 AM
1318,6910,1:00:00 AM
1078,6795,1:00:00 AM
1398,6780,1:00:00 AM
1452,6891,1:00:00 AM
1617,7024,1:00:00 AM
1688,7024,1:00:00 AM
576,6922,1:00:00 AM
368,6792,1:00:00 AM
1488,6951,1:00:00 AM
1970,6777,1:00:00 AM
513,6785,1:00:00 AM
1272,6777,1:00:00 AM
681,7038,1:00:00 AM
507,6813,1:00:00 AM
352,6863,1:00:00 AM
778,6780,1:00:00 AM
1383,6777,1:00:00 AM
558,7007,1:00:00 AM
9,6776,1:00:00 AM
483,6779,1:00:00 AM
1593,6974,1:00:00 AM
259,9529,1:00:00 AM
201,6974,1:00:00 AM
1372,6866,1:00:00 AM
1929,6800,1:00:00 AM
1990,23415,1:00:00 AM
1605,7505,1:00:00 AM
482,6787,1:00:00 AM
615,6777,1:00:00 AM
1362,6984,1:00:00 AM
1521,6794,1:00:00 AM
371,7104,1:00:00 AM
425,7443,1:00:00 AM
472,21555,1:00:00 AM
1008,7280,1:00:00 AM
1817,7058,1:00:00 AM
492,16274,1:00:00 AM
1316,12209,1:00:00 AM
547,7726,1:00:00 AM
1509,6889,1:00:00 AM
1212,7726,1:00:00 AM
1462,6889,1:00:00 AM
1914,6819,1:00:00 AM
1107,6796,1:00:00 AM
563,6789,1:00:00 AM
606,8474,1:00:00 AM
645,11208,1:00:00 AM
391,6809,1:00:00 AM
1753,6791,1:00:00 AM
88,6821,1:00:00 AM
557,6853,1:00:00 AM
230,6853,1:00:00 AM
1579,6790,1:00:00 AM
545,6838,1:00:00 AM
955,7104,1:00:00 AM
1256,6785,1:00:00 AM
90,7008,1:00:00 AM
31,6783,1:00:00 AM
1788,6925,1:00:00 AM
110,6854,1:00:00 AM
1583,18939,1:00:00 AM
694,6821,1:00:00 AM
430,24967,1:00:00 AM
311,6866,1:00:00 AM
971,6858,1:00:00 AM
1398,6780,1:00:00 AM
450,6795,1:00:00 AM
241,7022,1:00:00 AM
996,6984,1:00:00 AM
560,6925,1:00:00 AM
1225,6850,1:00:00 AM
1561,6796,1:00:00 AM
668,6781,1:00:00 AM
454,6791,1:00:00 AM
587,24121,1:00:00 AM
1318,6910,1:00:00 AM
309,18939,1:00:00 AM
1941,6866,1:00:00 AM
993,19390,1:00:00 AM
1550,6910,1:00:00 AM
1236,6973,1:00:00 AM
702,6817,1:00:00 AM
1892,23919,1:00:00 AM
1429,6776,1:00:00 AM
1065,24372,1:00:00 AM
1035,6790,1:00:00 AM
863,6811,1:00:00 AM
1598,6859,1:00:00 AM
110,6854,1:00:00 AM
378,6914,1:00:00 AM
751,6809,1:00:00 AM
137,8205,1:00:00 AM
135,12209,1:00:00 AM
724,6956,1:00:00 AM
174,6819,1:00:00 AM
1036,22935,1:00:00 AM
1492,37228,1:00:00 AM
1626,6778,1:00:00 AM
207,24372,1:00:00 AM
1268,6791,1:00:00 AM
1554,6780,1:00:00 AM
333,6811,1:00:00 AM
797,7432,1:00:00 AM
1761,8903,1:00:00 AM
1469,6799,1:00:00 AM
1070,6911,1:00:00 AM
743,6922,1:00:00 AM
1287,6790,1:00:00 AM
843,6809,1:00:00 AM
533,6791,1:00:00 AM
1152,6922,1:00:00 AM
1959,6820,1:00:00 AM
834,6819,1:00:00 AM
250,7028,1:00:00 AM
449,6778,1:00:00 AM
698,6781,1:00:00 AM
547,7726,1:00:00 AM
1817,7058,1:00:00 AM
1096,6820,1:00:00 AM
368,6792,1:00:00 AM
1479,6794,1:00:00 AM
792,6779,1:00:00 AM
1991,6850,1:00:00 AM
1454,6776,1:00:00 AM
776,6795,1:00:00 AM
822,22935,1:00:00 AM
412,6778,1:00:00 AM
559,6790,1:00:00 AM
2093,6922,1:00:00 AM
1258,7058,1:00:00 AM
1494,6859,1:00:00 AM
190,33007,1:00:00 AM
1800,6785,1:00:00 AM
797,7432,1:00:00 AM
1484,6790,1:00:00 AM
329,6914,1:00:00 AM
1179,22935,1:00:00 AM
1254,6819,1:00:00 AM
853,7212,1:00:00 AM
611,6809,1:00:00 AM
170,9529,1:00:00 AM
2083,6783,1:00:00 AM
1753,6791,1:00:00 AM
1118,6850,1:00:00 AM
2008,19390,1:00:00 AM
214,6779,1:00:00 AM
1894,27253,1:00:00 AM
1879,6797,1:00:00 AM
1525,7028,1:00:00 AM
792,6779,1:00:00 AM
1396,6815,1:00:00 AM
967,6783,1:00:00 AM
1919,6888,1:00:00 AM
1675,6787,1:00:00 AM
1247,6912,1:00:00 AM
1005,6791,1:00:00 AM
1625,24967,1:00:00 AM
985,6925,1:00:00 AM
1736,6838,1:00:00 AM
1441,6782,1:00:00 AM
621,6914,1:00:00 AM
34,27257,1:00:00 AM
1472,19390,1:00:00 AM
1068,6779,1:00:00 AM
2057,12209,1:00:00 AM
686,24372,1:00:00 AM
730,6891,1:00:00 AM
743,6922,1:00:00 AM
2066,6799,1:00:00 AM
1137,18142,1:00:00 AM
378,6914,1:00:00 AM
1212,7726,1:00:00 AM
971,6858,1:00:00 AM
578,7058,1:00:00 AM
350,6777,1:00:00 AM
556,6809,1:00:00 AM
1052,39568,1:00:00 AM
371,7104,1:00:00 AM
250,7028,1:00:00 AM
606,8474,1:00:00 AM
876,6920,1:00:00 AM
1349,6792,1:00:00 AM
744,6889,1:00:00 AM
1800,6785,1:00:00 AM
923,7432,1:00:00 AM
1020,34969,1:00:00 AM
2016,15383,1:00:00 AM
1164,12209,1:00:00 AM
907,15383,1:00:00 AM
1932,22551,1:00:00 AM
1494,6859,1:00:00 AM
34,27257,1:00:00 AM
1554,6780,1:00:00 AM
461,6787,1:00:00 AM
1793,7058,1:00:00 AM
1311,6797,1:00:00 AM
178,6949,1:00:00 AM
226,6811,1:00:00 AM
237,7104,1:00:00 AM
1451,6817,1:00:00 AM
108,6809,1:00:00 AM
987,6925,1:00:00 AM
148,6974,1:00:00 AM
458,6781,1:00:00 AM
1662,23204,1:00:00 AM
2018,6820,1:00:00 AM
770,18142,1:00:00 AM
1412,6820,1:00:00 AM
518,6782,1:00:00 AM
2026,7104,1:00:00 AM
1538,6854,1:00:00 AM
1141,6790,1:00:00 AM
1378,6956,1:00:00 AM
62,6792,1:00:00 AM
908,23919,1:00:00 AM
1556,6922,1:00:00 AM
224,27253,1:00:00 AM
839,6792,1:00:00 AM
296,17406,1:00:00 AM
1362,6984,1:00:00 AM
401,6790,1:00:00 AM
1001,6949,1:00:00 AM
1548,6776,1:00:00 AM
270,6838,1:00:00 AM
1574,6850,1:00:00 AM
1070,6911,1:00:00 AM
1638,7347,1:00:00 AM
578,7058,1:00:00 AM
268,34844,1:00:00 AM
483,6779,1:00:00 AM
1379,18939,1:00:00 AM
1894,27253,1:00:00 AM
1305,6925,1:00:00 AM
897,7280,1:00:00 AM
1498,6795,1:00:00 AM
838,6889,1:00:00 AM
277,6838,1:00:00 AM
1604,7058,1:00:00 AM
686,24372,1:00:00 AM
1247,6912,1:00:00 AM
260,7270,1:00:00 AM
110,6854,1:00:00 AM
1045,7058,1:00:00 AM
1074,6838,1:00:00 AM
661,7432,1:00:00 AM
1550,6910,1:00:00 AM
1602,17406,1:00:00 AM
1225,6850,1:00:00 AM
237,7104,1:00:00 AM
137,8205,1:00:00 AM
1816,6946,1:00:00 AM
1212,7726,1:00:00 AM
1168,23204,1:00:00 AM
557,6853,1:00:00 AM
1970,6777,1:00:00 AM
900,40690,1:00:00 AM
1411,6854,1:00:00 AM
556,6809,1:00:00 AM
1587,6780,1:00:00 AM
1268,6791,1:00:00 AM
929,6797,1:00:00 AM
2096,6784,1:00:00 AM
1115,48448,1:00:00 AM
1910,16938,1:00:00 AM
582,24121,1:00:00 AM
532,6859,1:00:00 AM
407,6777,1:00:00 AM
1271,37480,1:00:00 AM
1817,7058,1:00:00 AM
1096,6820,1:00:00 AM
419,6858,1:00:00 AM
2023,6850,1:00:00 AM
1315,6809,1:00:00 AM
1370,7212,1:00:00 AM
520,8903,1:00:00 AM
1059,6811,1:00:00 AM
489,7022,1:00:00 AM
1859,34844,1:00:00 AM
1665,6811,1:00:00 AM
208,6858,1:00:00 AM
1078,6795,1:00:00 AM
1200,6777,1:00:00 AM
476,6863,1:00:00 AM
84,48730,1:00:00 AM
1427,18939,1:00:00 AM
1020,34969,1:00:00 AM
136,6795,1:00:00 AM
96,6914,1:00:00 AM
1997,6875,1:00:00 AM
789,6796,1:00:00 AM
201,6974,1:00:00 AM
1536,7505,1:00:00 AM
1593,6974,1:00:00 AM
1220,6859,1:00:00 AM
724,6956,1:00:00 AM
740,6778,1:00:00 AM
1450,6794,1:00:00 AM
814,14146,1:00:00 AM
1058,24372,1:00:00 AM
308,6777,1:00:00 AM
1953,7104,1:00:00 AM
1516,49085,1:00:00 AM
950,6914,1:00:00 AM
1052,39568,1:00:00 AM
1248,7058,1:00:00 AM
437,6776,1:00:00 AM
250,7028,1:00:00 AM
1442,12209,1:00:00 AM
27,34844,1:00:00 AM
63,6784,1:00:00 AM
262,7022,1:00:00 AM
1276,6914,1:00:00 AM
448,21586,1:00:00 AM
24,6922,1:00:00 AM
31,6783,1:00:00 AM
442,7035,1:00:00 AM
222,6778,1:00:00 AM
260,7270,1:00:00 AM
1658,6782,1:00:00 AM
533,6791,1:00:00 AM
44,6853,1:00:00 AM
1065,24372,1:00:00 AM
388,6795,1:00:00 AM
558,7007,1:00:00 AM
464,6888,1:00:00 AM
925,7280,1:00:00 AM
1115,48448,1:00:00 AM
280,6956,1:00:00 AM
881,6974,1:00:00 AM
1627,6784,1:00:00 AM
500,6922,1:00:00 AM
1675,6787,1:00:00 AM
1037,6951,1:00:00 AM
1084,6778,1:00:00 AM
1428,6984,1:00:00 AM
991,6974,1:00:00 AM
865,6818,1:00:00 AM
361,6886,1:00:00 AM
1451,6817,1:00:00 AM
950,6914,1:00:00 AM
1755,6799,1:00:00 AM
1108,6821,1:00:00 AM
80,6791,1:00:00 AM
1559,6912,1:00:00 AM
1475,6922,1:00:00 AM
1626,6778,1:00:00 AM
1995,6925,1:00:00 AM
454,6791,1:00:00 AM
1874,6853,1:00:00 AM
1352,6817,1:00:00 AM
1212,7726,1:00:00 AM
967,6783,1:00:00 AM
1005,6791,1:00:00 AM
230,6853,1:00:00 AM
2075,6854,1:00:00 AM
237,7104,1:00:00 AM
1305,6925,1:00:00 AM
1675,6787,1:00:00 AM
1268,6791,1:00:00 AM
1498,6795,1:00:00 AM
1302,7022,1:00:00 AM
906,18939,1:00:00 AM
2081,27253,1:00:00 AM
110,6854,1:00:00 AM
1366,6810,1:00:00 AM
1090,6783,1:00:00 AM
426,6797,1:00:00 AM
1488,6951,1:00:00 AM
182,37480,1:00:00 AM
996,6984,1:00:00 AM
669,6984,1:00:00 AM
674,6778,1:00:00 AM
1950,6850,1:00:00 AM
1056,6780,1:00:00 AM
1225,6850,1:00:00 AM
2060,6778,1:00:00 AM
560,6925,1:00:00 AM
1639,7432,1:00:00 AM
213,6811,1:00:00 AM
1954,6819,1:00:00 AM
2080,7024,1:00:00 AM
277,6838,1:00:00 AM
950,6914,1:00:00 AM
162,8205,1:00:00 AM
147,7726,1:00:00 AM
1152,6922,1:00:00 AM
744,6889,1:00:00 AM
1503,6792,1:00:00 AM
287,37228,1:00:00 AM
1034,6794,1:00:00 AM
851,6783,1:00:00 AM
1902,6785,1:00:00 AM
915,7104,1:00:00 AM
1150,7028,1:00:00 AM
1319,6818,1:00:00 AM
136,6795,1:00:00 AM
610,6820,1:00:00 AM
951,6903,1:00:00 AM
1136,6859,1:00:00 AM
545,6838,1:00:00 AM
2011,6875,1:00:00 AM
2028,6888,1:00:00 AM
401,6790,1:00:00 AM
587,24121,1:00:00 AM
1994,6858,1:00:00 AM
417,6789,1:00:00 AM
1831,6821,1:00:00 AM
1626,6778,1:00:00 AM
1816,6946,1:00:00 AM
1119,6791,1:00:00 AM
430,24967,1:00:00 AM
31,6783,1:00:00 AM
683,6889,1:00:00 AM
402,15383,1:00:00 AM
701,6792,1:00:00 AM
1038,6790,1:00:00 AM
1521,6794,1:00:00 AM
660,39568,1:00:00 AM
1625,24967,1:00:00 AM
786,24121,1:00:00 AM
1204,6776,1:00:00 AM
562,6811,1:00:00 AM
1047,6946,1:00:00 AM
1118,6850,1:00:00 AM
489,7022,1:00:00 AM
975,6974,1:00:00 AM
2022,6783,1:00:00 AM
642,6920,1:00:00 AM
230,6853,1:00:00 AM
1583,18939,1:00:00 AM
838,6889,1:00:00 AM
2033,6791,1:00:00 AM
2081,27253,1:00:00 AM
1471,48730,1:00:00 AM
1385,7008,1:00:00 AM
1272,6777,1:00:00 AM
1935,6799,1:00:00 AM
1036,22935,1:00:00 AM
1497,6956,1:00:00 AM
1284,6818,1:00:00 AM
1069,6857,1:00:00 AM
361,6886,1:00:00 AM
2034,6781,1:00:00 AM
1755,6799,1:00:00 AM
452,6891,1:00:00 AM
1599,6782,1:00:00 AM
448,21586,1:00:00 AM
1782,6875,1:00:00 AM
178,6949,1:00:00 AM
196,6789,1:00:00 AM
1535,6795,1:00:00 AM
1274,6800,1:00:00 AM
464,6888,1:00:00 AM
1903,27257,1:00:00 AM
621,6914,1:00:00 AM
963,6850,1:00:00 AM
532,6859,1:00:00 AM
1945,8205,1:00:00 AM
373,6796,1:00:00 AM
1012,6875,1:00:00 AM
1919,6888,1:00:00 AM
305,6943,1:00:00 AM
87,7104,1:00:00 AM
1819,6838,1:00:00 AM
771,6857,1:00:00 AM
1983,6794,1:00:00 AM
1310,22785,1:00:00 AM
1968,11208,1:00:00 AM
2030,6821,1:00:00 AM
908,23919,1:00:00 AM
1295,7024,1:00:00 AM
1014,6853,1:00:00 AM
319,6857,1:00:00 AM
1494,6859,1:00:00 AM
1627,6784,1:00:00 AM
1882,6925,1:00:00 AM
1110,6973,1:00:00 AM
1981,19390,1:00:00 AM
1253,7058,1:00:00 AM
1602,17406,1:00:00 AM
499,6891,1:00:00 AM
1688,7024,1:00:00 AM
544,6800,1:00:00 AM
1058,24372,1:00:00 AM
909,6780,1:00:00 AM
1847,6779,1:00:00 AM
214,6779,1:00:00 AM
391,6809,1:00:00 AM
1488,6951,1:00:00 AM
320,27253,1:00:00 AM
857,6858,1:00:00 AM
2033,6791,1:00:00 AM
1598,6859,1:00:00 AM
685,7280,1:00:00 AM
914,6789,1:00:00 AM
1229,7280,1:00:00 AM
501,6795,1:00:00 AM
1345,7347,1:00:00 AM
14,6782,1:00:00 AM
562,6811,1:00:00 AM
137,8205,1:00:00 AM
1010,6820,1:00:00 AM
1839,6780,1:00:00 AM
298,26541,1:00:00 AM
200,6813,1:00:00 AM
1606,6780,1:00:00 AM
110,6854,1:00:00 AM
1975,6949,1:00:00 AM
1709,6866,1:00:00 AM
1400,7028,1:00:00 AM
1219,6854,1:00:00 AM
1026,24121,1:00:00 AM
917,6863,1:00:00 AM
287,37228,1:00:00 AM
102,18939,1:00:00 AM
1302,7022,1:00:00 AM
170,9529,1:00:00 AM
248,9079,1:00:00 AM
1136,6859,1:00:00 AM
131,6974,1:00:00 AM
9,6776,1:00:00 AM
229,6792,1:00:00 AM
985,6925,1:00:00 AM
1548,6776,1:00:00 AM
1469,6799,1:00:00 AM
1450,6794,1:00:00 AM
1920,6956,1:00:00 AM
1586,27253,1:00:00 AM
1859,34844,1:00:00 AM
762,7505,1:00:00 AM
521,6809,1:00:00 AM
1569,6868,1:00:00 AM
2084,22551,1:00:00 AM
996,6984,1:00:00 AM
1972,6789,1:00:00 AM
759,6857,1:00:00 AM
876,6920,1:00:00 AM
591,17406,1:00:00 AM
2100,6791,1:00:00 AM
49,7443,1:00:00 AM
1035,6790,1:00:00 AM
603,17406,1:00:00 AM
69,6853,1:00:00 AM
951,6903,1:00:00 AM
1204,6776,1:00:00 AM
1537,6914,1:00:00 AM
1178,9079,1:00:00 AM
1488,6951,1:00:00 AM
582,24121,1:00:00 AM
2081,27253,1:00:00 AM
1009,9529,1:00:00 AM
1935,6799,1:00:00 AM
216,6790,1:00:00 AM
254,7024,1:00:00 AM
1981,19390,1:00:00 AM
2058,7505,1:00:00 AM
1385,7008,1:00:00 AM
822,22935,1:00:00 AM
108,6809,1:00:00 AM
135,12209,1:00:00 AM
1545,6984,1:00:00 AM
712,6850,1:00:00 AM
1225,6850,1:00:00 AM
1452,6891,1:00:00 AM
166,7038,1:00:00 AM
1975,6949,1:00:00 AM
1372,6866,1:00:00 AM
461,6787,1:00:00 AM
1586,27253,1:00:00 AM
1561,6796,1:00:00 AM
861,6925,1:00:00 AM
419,6858,1:00:00 AM
545,6838,1:00:00 AM
1600,53235,1:00:00 AM
1800,6785,1:00:00 AM
776,6795,1:00:00 AM
1265,6784,1:00:00 AM
1154,6854,1:00:00 AM
1673,6818,1:00:00 AM
1907,6813,1:00:00 AM
294,6783,1:00:00 AM
897,7280,1:00:00 AM
1494,6859,1:00:00 AM
40,6809,1:00:00 AM
1168,23204,1:00:00 AM
495,6791,1:00:00 AM
1118,6850,1:00:00 AM
319,6857,1:00:00 AM
1124,6779,1:00:00 AM
1120,6903,1:00:00 AM
226,6811,1:00:00 AM
936,6949,1:00:00 AM
1326,53495,1:00:00 AM
88,6821,1:00:00 AM
546,6817,1:00:00 AM
616,15383,1:00:00 AM
642,6920,1:00:00 AM
994,15383,1:00:00 AM
1318,6910,1:00:00 AM
683,6889,1:00:00 AM
1085,6910,1:00:00 AM
259,9529,1:00:00 AM
1598,6859,1:00:00 AM
914,6789,1:00:00 AM
1178,9079,1:00:00 AM
792,6779,1:00:00 AM
1535,6795,1:00:00 AM
952,23919,1:00:00 AM
822,22935,1:00:00 AM
2026,7104,1:00:00 AM
1433,6853,1:00:00 AM
1955,6866,1:00:00 AM
2081,27253,1:00:00 AM
344,22785,1:00:00 AM
250,7028,1:00:00 AM
452,6891,1:00:00 AM
1254,6819,1:00:00 AM
419,6858,1:00:00 AM
559,6790,1:00:00 AM
63,6784,1:00:00 AM
417,6789,1:00:00 AM
753,7726,1:00:00 AM
1361,6974,1:00:00 AM
545,6838,1:00:00 AM
1482,6787,1:00:00 AM
1285,7007,1:00:00 AM
2065,6951,1:00:00 AM
1200,6777,1:00:00 AM
1550,6910,1:00:00 AM
1229,7280,1:00:00 AM
1300,7008,1:00:00 AM
915,7104,1:00:00 AM
1241,6785,1:00:00 AM
804,6819,1:00:00 AM
994,15383,1:00:00 AM
14,6782,1:00:00 AM
902,6984,1:00:00 AM
401,6790,1:00:00 AM
1356,6783,1:00:00 AM
963,6850,1:00:00 AM
738,6789,1:00:00 AM
639,6815,1:00:00 AM
1012,6875,1:00:00 AM
1036,22935,1:00:00 AM
751,6809,1:00:00 AM
2065,6951,1:00:00 AM
1240,11208,1:00:00 AM
521,6809,1:00:00 AM
2023,6850,1:00:00 AM
925,7280,1:00:00 AM
309,18939,1:00:00 AM
182,37480,1:00:00 AM
497,7038,1:00:00 AM
890,7726,1:00:00 AM
1868,6888,1:00:00 AM
1051,6859,1:00:00 AM
189,6920,1:00:00 AM
1058,24372,1:00:00 AM
103,6868,1:00:00 AM
754,7212,1:00:00 AM
417,6789,1:00:00 AM
1010,6820,1:00:00 AM
1659,6810,1:00:00 AM
1032,6779,1:00:00 AM
1114,6866,1:00:00 AM
1075,12209,1:00:00 AM
1992,39568,1:00:00 AM
1819,6838,1:00:00 AM
1707,6858,1:00:00 AM
900,40690,1:00:00 AM
345,6914,1:00:00 AM
4,6888,1:00:00 AM
1271,37480,1:00:00 AM
1272,6777,1:00:00 AM
1237,6819,1:00:00 AM
1045,7058,1:00:00 AM
1959,6820,1:00:00 AM
1372,6866,1:00:00 AM
686,24372,1:00:00 AM
252,6810,1:00:00 AM
341,6780,1:00:00 AM
1727,53495,1:00:00 AM
1311,6797,1:00:00 AM
27,34844,1:00:00 AM
1606,6780,1:00:00 AM
1736,6838,1:00:00 AM
1929,6800,1:00:00 AM
994,15383,1:00:00 AM
1868,6888,1:00:00 AM
226,6811,1:00:00 AM
694,6821,1:00:00 AM
1096,6820,1:00:00 AM
776,6795,1:00:00 AM
1195,6974,1:00:00 AM
982,7443,1:00:00 AM
534,30251,1:00:00 AM
280,6956,1:00:00 AM
1029,7024,1:00:00 AM
545,6838,1:00:00 AM
1240,11208,1:00:00 AM
1882,6925,1:00:00 AM
636,6903,1:00:00 AM
620,7038,1:00:00 AM
630,6785,1:00:00 AM
1525,7028,1:00:00 AM
1792,6792,1:00:00 AM
1375,7022,1:00:00 AM
812,6859,1:00:00 AM
452,6891,1:00:00 AM
476,6863,1:00:00 AM
1618,6821,1:00:00 AM
792,6779,1:00:00 AM
560,6925,1:00:00 AM
1902,6785,1:00:00 AM
1601,6780,1:00:00 AM
1953,7104,1:00:00 AM
615,6777,1:00:00 AM
968,6911,1:00:00 AM
922,7212,1:00:00 AM
1370,7212,1:00:00 AM
131,6974,1:00:00 AM
1828,16274,1:00:00 AM
576,6922,1:00:00 AM
1940,53495,1:00:00 AM
329,6914,1:00:00 AM
735,7104,1:00:00 AM
1247,6912,1:00:00 AM
170,9529,1:00:00 AM
208,6858,1:00:00 AM
1627,6784,1:00:00 AM
1831,6821,1:00:00 AM
1411,6854,1:00:00 AM
1498,6795,1:00:00 AM
2028,6888,1:00:00 AM
1701,11208,1:00:00 AM
1166,6790,1:00:00 AM
213,6811,1:00:00 AM
1295,7024,1:00:00 AM
740,6778,1:00:00 AM
2043,6868,1:00:00 AM
402,15383,1:00:00 AM
2006,6974,1:00:00 AM
251,16938,1:00:00 AM
175,23415,1:00:00 AM
986,6889,1:00:00 AM
44,6853,1:00:00 AM
1152,6922,1:00:00 AM
417,6789,1:00:00 AM
1,7024,1:00:00 AM
2083,6783,1:00:00 AM
1819,6838,1:00:00 AM
2050,6794,1:00:00 AM
1462,6889,1:00:00 AM
1970,6777,1:00:00 AM
1285,7007,1:00:00 AM
1994,6858,1:00:00 AM
673,24372,1:00:00 AM
2023,6850,1:00:00 AM
505,7212,1:00:00 AM
489,7022,1:00:00 AM
1703,7035,1:00:00 AM
204,6789,1:00:00 AM
1078,6795,1:00:00 AM
1256,6785,1:00:00 AM
838,6889,1:00:00 AM
2006,6974,1:00:00 AM
1933,21555,1:00:00 AM
1256,6785,1:00:00 AM
130,7038,1:00:00 AM
894,7726,1:00:00 AM
172,49085,1:00:00 AM
554,6820,1:00:00 AM
694,6821,1:00:00 AM
1955,6866,1:00:00 AM
568,6776,1:00:00 AM
301,9671,1:00:00 AM
917,6863,1:00:00 AM
767,6791,1:00:00 AM
449,6778,1:00:00 AM
1240,11208,1:00:00 AM
520,8903,1:00:00 AM
1819,6838,1:00:00 AM
1098,6797,1:00:00 AM
1111,22551,1:00:00 AM
1593,6974,1:00:00 AM
1693,22935,1:00:00 AM
844,7443,1:00:00 AM
502,6799,1:00:00 AM
344,22785,1:00:00 AM
592,6780,1:00:00 AM
1608,6850,1:00:00 AM
482,6787,1:00:00 AM
1026,24121,1:00:00 AM
772,6797,1:00:00 AM
1522,6974,1:00:00 AM
348,27257,1:00:00 AM
1859,34844,1:00:00 AM
1788,6925,1:00:00 AM
1120,6903,1:00:00 AM
329,6914,1:00:00 AM
162,8205,1:00:00 AM
1627,6784,1:00:00 AM
1295,7024,1:00:00 AM
1701,11208,1:00:00 AM
69,6853,1:00:00 AM
696,6943,1:00:00 AM
31,6783,1:00:00 AM
1498,6795,1:00:00 AM
1599,6782,1:00:00 AM
1141,6790,1:00:00 AM
994,15383,1:00:00 AM
1573,6777,1:00:00 AM
735,7104,1:00:00 AM
164,7024,1:00:00 AM
1428,6984,1:00:00 AM
754,7212,1:00:00 AM
1344,40690,1:00:00 AM
1051,6859,1:00:00 AM
1029,7024,1:00:00 AM
174,6819,1:00:00 AM
1583,18939,1:00:00 AM
2022,6783,1:00:00 AM
1118,6850,1:00:00 AM
1968,11208,1:00:00 AM
602,6813,1:00:00 AM
1150,7028,1:00:00 AM
250,7028,1:00:00 AM
1336,7035,1:00:00 AM
1277,6854,1:00:00 AM
1671,6858,1:00:00 AM
2,22935,1:00:00 AM
656,6783,1:00:00 AM
305,6943,1:00:00 AM
1673,6818,1:00:00 AM
1819,6838,1:00:00 AM
986,6889,1:00:00 AM
1283,9671,1:00:00 AM
1990,23415,1:00:00 AM
448,21586,1:00:00 AM
1058,24372,1:00:00 AM
562,6811,1:00:00 AM
1311,6797,1:00:00 AM
522,18142,1:00:00 AM
1129,6903,1:00:00 AM
2070,16938,1:00:00 AM
771,6857,1:00:00 AM
1268,6791,1:00:00 AM
49,7443,1:00:00 AM
801,6857,1:00:00 AM
1573,6777,1:00:00 AM
1236,6973,1:00:00 AM
1129,6903,1:00:00 AM
857,6858,1:00:00 AM
778,6780,1:00:00 AM
461,6787,1:00:00 AM
1454,6776,1:00:00 AM
520,8903,1:00:00 AM
1032,6779,1:00:00 AM
1707,6858,1:00:00 AM
735,7104,1:00:00 AM
1789,6819,1:00:00 AM
27,34844,1:00:00 AM
119,14146,1:00:00 AM
1479,6794,1:00:00 AM
607,15383,1:00:00 AM
993,19390,1:00:00 AM
1854,12209,1:00:00 AM
1997,6875,1:00:00 AM
1035,6790,1:00:00 AM
431,6810,1:00:00 AM
2027,48448,1:00:00 AM
2023,6850,1:00:00 AM
208,6858,1:00:00 AM
2041,6922,1:00:00 AM
738,6789,1:00:00 AM
1548,6776,1:00:00 AM
1758,6782,1:00:00 AM
606,8474,1:00:00 AM
582,24121,1:00:00 AM
287,37228,1:00:00 AM
792,6779,1:00:00 AM
178,6949,1:00:00 AM
391,6809,1:00:00 AM
702,6817,1:00:00 AM
1130,9529,1:00:00 AM
175,23415,1:00:00 AM
1909,6782,1:00:00 AM
753,7726,1:00:00 AM
936,6949,1:00:00 AM
372,6951,1:00:00 AM
2065,6951,1:00:00 AM
226,6811,1:00:00 AM
122,6914,1:00:00 AM
108,6809,1:00:00 AM
1225,6850,1:00:00 AM
522,18142,1:00:00 AM
1319,6818,1:00:00 AM
909,6780,1:00:00 AM
545,6838,1:00:00 AM
1115,48448,1:00:00 AM
1882,6925,1:00:00 AM
1295,7024,1:00:00 AM
241,7022,1:00:00 AM
1735,6903,1:00:00 AM
1096,6820,1:00:00 AM
703,6891,1:00:00 AM
1375,7022,1:00:00 AM
1069,6857,1:00:00 AM
859,16274,1:00:00 AM
559,6790,1:00:00 AM
1768,6891,1:00:00 AM
251,16938,1:00:00 AM
1056,6780,1:00:00 AM
189,6920,1:00:00 AM
1968,11208,1:00:00 AM
1609,6889,1:00:00 AM
1707,6858,1:00:00 AM
62,6792,1:00:00 AM
804,6819,1:00:00 AM
1037,6951,1:00:00 AM
122,6914,1:00:00 AM
1608,6850,1:00:00 AM
147,7726,1:00:00 AM
1909,6782,1:00:00 AM
320,27253,1:00:00 AM
303,6813,1:00:00 AM
1349,6792,1:00:00 AM
1907,6813,1:00:00 AM
1914,6819,1:00:00 AM
1933,21555,1:00:00 AM
2070,16938,1:00:00 AM
1892,23919,1:00:00 AM
1583,18939,1:00:00 AM
2098,7443,1:00:00 AM
1472,19390,1:00:00 AM
164,7024,1:00:00 AM
208,6858,1:00:00 AM
216,6790,1:00:00 AM
1020,34969,1:00:00 AM
616,15383,1:00:00 AM
2096,6784,1:00:00 AM
1475,6922,1:00:00 AM
1954,6819,1:00:00 AM
401,6790,1:00:00 AM
428,6886,1:00:00 AM
1001,6949,1:00:00 AM
1300,7008,1:00:00 AM
1941,6866,1:00:00 AM
1996,6858,1:00:00 AM
182,37480,1:00:00 AM
119,14146,1:00:00 AM
881,6974,1:00:00 AM
350,6777,1:00:00 AM
88,6821,1:00:00 AM
967,6783,1:00:00 AM
130,7038,1:00:00 AM
1574,6850,1:00:00 AM
546,6817,1:00:00 AM
1604,7058,1:00:00 AM
642,6920,1:00:00 AM
1065,24372,1:00:00 AM
1913,58852,1:00:00 AM
563,6789,1:00:00 AM
1535,6795,1:00:00 AM
1315,6809,1:00:00 AM
1137,18142,1:00:00 AM
1846,23415,1:00:00 AM
1588,6776,1:00:00 AM
174,6819,1:00:00 AM
431,6810,1:00:00 AM
925,7280,1:00:00 AM
1741,6799,1:00:00 AM
558,7007,1:00:00 AM
1545,6984,1:00:00 AM
705,6956,1:00:00 AM
1478,18939,1:00:00 AM
1694,9529,1:00:00 AM
2008,19390,1:00:00 AM
1945,8205,1:00:00 AM
1452,6891,1:00:00 AM
1059,6811,1:00:00 AM
838,6889,1:00:00 AM
789,6796,1:00:00 AM
461,6787,1:00:00 AM
907,15383,1:00:00 AM
894,7726,1:00:00 AM
1119,6791,1:00:00 AM
1471,48730,1:00:00 AM
738,6789,1:00:00 AM
1606,6780,1:00:00 AM
1126,6888,1:00:00 AM
2022,6783,1:00:00 AM
1052,39568,1:00:00 AM
1955,6866,1:00:00 AM
1608,6850,1:00:00 AM
1506,6780,1:00:00 AM
153,6850,1:00:00 AM
1244,6821,1:00:00 AM
902,6984,1:00:00 AM
164,7024,1:00:00 AM
1859,34844,1:00:00 AM
407,6777,1:00:00 AM
1087,6797,1:00:00 AM
1114,6866,1:00:00 AM
1033,6818,1:00:00 AM
840,9079,1:00:00 AM
414,6857,1:00:00 AM
951,6903,1:00:00 AM
1606,6780,1:00:00 AM
996,6984,1:00:00 AM
828,7104,1:00:00 AM
834,6819,1:00:00 AM
602,6813,1:00:00 AM
856,6838,1:00:00 AM
1673,6818,1:00:00 AM
1240,11208,1:00:00 AM
309,18939,1:00:00 AM
2041,6922,1:00:00 AM
2011,6875,1:00:00 AM
1127,7008,1:00:00 AM
906,18939,1:00:00 AM
178,6949,1:00:00 AM
1041,6889,1:00:00 AM
304,6889,1:00:00 AM
1277,6854,1:00:00 AM
2093,6922,1:00:00 AM
994,15383,1:00:00 AM
1162,6974,1:00:00 AM
591,17406,1:00:00 AM
1237,6819,1:00:00 AM
1656,6859,1:00:00 AM
1302,7022,1:00:00 AM
240,6783,1:00:00 AM
1036,22935,1:00:00 AM
890,7726,1:00:00 AM
841,26437,1:00:00 AM
172,49085,1:00:00 AM
1659,6810,1:00:00 AM
1001,6949,1:00:00 AM
1515,6776,1:00:00 AM
1152,6922,1:00:00 AM
2042,6920,1:00:00 AM
476,6863,1:00:00 AM
904,7505,1:00:00 AM
1303,6777,1:00:00 AM
1694,9529,1:00:00 AM
237,7104,1:00:00 AM
34,27257,1:00:00 AM
941,6799,1:00:00 AM
2014,8474,1:00:00 AM
1136,6859,1:00:00 AM
1274,6800,1:00:00 AM
1777,7212,1:00:00 AM
447,6868,1:00:00 AM
293,6868,1:00:00 AM
1846,23415,1:00:00 AM
537,17406,1:00:00 AM
1246,6854,1:00:00 AM
1754,6810,1:00:00 AM
1538,6854,1:00:00 AM
1753,6791,1:00:00 AM
2016,15383,1:00:00 AM
1034,6794,1:00:00 AM
685,7280,1:00:00 AM
1125,6792,1:00:00 AM
401,6790,1:00:00 AM
1598,6859,1:00:00 AM
1550,6910,1:00:00 AM
1380,6778,1:00:00 AM
1768,6891,1:00:00 AM
229,6792,1:00:00 AM
1639,7432,1:00:00 AM
277,6838,1:00:00 AM
1959,6820,1:00:00 AM
1051,6859,1:00:00 AM
1005,6791,1:00:00 AM
1370,7212,1:00:00 AM
1522,6974,1:00:00 AM
483,6779,1:00:00 AM
857,6858,1:00:00 AM
639,6815,1:00:00 AM
697,6784,1:00:00 AM
1638,7347,1:00:00 AM
875,7058,1:00:00 AM
1073,6811,1:00:00 AM
1086,24967,1:00:00 AM
110,6854,1:00:00 AM
1166,6790,1:00:00 AM
2060,6778,1:00:00 AM
1302,7022,1:00:00 AM
66,7022,1:00:00 AM
740,6778,1:00:00 AM
1978,7212,1:00:00 AM
2011,6875,1:00:00 AM
882,12209,1:00:00 AM
459,6778,1:00:00 AM
1385,7008,1:00:00 AM
1169,6818,1:00:00 AM
27,34844,1:00:00 AM
591,17406,1:00:00 AM
1256,6785,1:00:00 AM
1690,34844,1:00:00 AM
603,17406,1:00:00 AM
1608,6850,1:00:00 AM
1912,6815,1:00:00 AM
1212,7726,1:00:00 AM
2032,6920,1:00:00 AM
136,6795,1:00:00 AM
1311,6797,1:00:00 AM
1964,6817,1:00:00 AM
559,6790,1:00:00 AM
1828,16274,1:00:00 AM
172,49085,1:00:00 AM
2021,6920,1:00:00 AM
562,6811,1:00:00 AM
130,7038,1:00:00 AM
431,6810,1:00:00 AM
214,6779,1:00:00 AM
170,9529,1:00:00 AM
1970,6777,1:00:00 AM
1816,6946,1:00:00 AM
999,6780,1:00:00 AM
1162,6974,1:00:00 AM
854,26437,1:00:00 AM
1535,6795,1:00:00 AM
772,6797,1:00:00 AM
1508,6912,1:00:00 AM
904,7505,1:00:00 AM
1035,6790,1:00:00 AM
1369,37480,1:00:00 AM
1968,11208,1:00:00 AM
712,6850,1:00:00 AM
1253,7058,1:00:00 AM
1604,7058,1:00:00 AM
2044,6891,1:00:00 AM
807,23204,1:00:00 AM
1345,7347,1:00:00 AM
1272,6777,1:00:00 AM
627,6857,1:00:00 AM
1633,7104,1:00:00 AM
177,6925,1:00:00 AM
507,6813,1:00:00 AM
1110,6973,1:00:00 AM
1805,6903,1:00:00 AM
1265,6784,1:00:00 AM
301,9671,1:00:00 AM
1479,6794,1:00:00 AM
338,19390,1:00:00 AM
759,6857,1:00:00 AM
1051,6859,1:00:00 AM
2037,6821,1:00:00 AM
1001,6949,1:00:00 AM
908,23919,1:00:00 AM
1052,39568,1:00:00 AM
492,16274,1:00:00 AM
544,6800,1:00:00 AM
894,7726,1:00:00 AM
307,6819,1:00:00 AM
365,6819,1:00:00 AM
1908,6949,1:00:00 AM
2011,6875,1:00:00 AM
430,24967,1:00:00 AM
674,6778,1:00:00 AM
1671,6858,1:00:00 AM
250,7028,1:00:00 AM
1788,6925,1:00:00 AM
797,7432,1:00:00 AM
751,6809,1:00:00 AM
1184,37228,1:00:00 AM
1545,6984,1:00:00 AM
2044,6891,1:00:00 AM
1693,22935,1:00:00 AM
1920,6956,1:00:00 AM
1618,6821,1:00:00 AM
1268,6791,1:00:00 AM
971,6858,1:00:00 AM
1633,7104,1:00:00 AM
2081,27253,1:00:00 AM
1477,6886,1:00:00 AM
533,6791,1:00:00 AM
1688,7024,1:00:00 AM
1950,6850,1:00:00 AM
1953,7104,1:00:00 AM
1107,6796,1:00:00 AM
1522,6974,1:00:00 AM
468,6838,1:00:00 AM
402,15383,1:00:00 AM
807,23204,1:00:00 AM
568,6776,1:00:00 AM
1954,6819,1:00:00 AM
123,26541,1:00:00 AM
1116,7008,1:00:00 AM
562,6811,1:00:00 AM
902,6984,1:00:00 AM
1819,6838,1:00:00 AM
1424,62531,1:00:00 AM
1354,6789,1:00:00 AM
547,7726,1:00:00 AM
181,48448,1:00:00 AM
1169,6818,1:00:00 AM
1096,6820,1:00:00 AM
1784,6949,1:00:00 AM
341,6780,1:00:00 AM
825,16938,1:00:00 AM
770,18142,1:00:00 AM
1935,6799,1:00:00 AM
344,22785,1:00:00 AM
540,6783,1:00:00 AM
229,6792,1:00:00 AM
1305,6925,1:00:00 AM
1498,6795,1:00:00 AM
1014,6853,1:00:00 AM
135,12209,1:00:00 AM
660,39568,1:00:00 AM
1452,6891,1:00:00 AM
126,6888,1:00:00 AM
1315,6809,1:00:00 AM
391,6809,1:00:00 AM
1035,6790,1:00:00 AM
909,6780,1:00:00 AM
257,6792,1:00:00 AM
955,7104,1:00:00 AM
130,7038,1:00:00 AM
1626,6778,1:00:00 AM
1472,19390,1:00:00 AM
1116,7008,1:00:00 AM
1169,6818,1:00:00 AM
29,6813,1:00:00 AM
1521,6794,1:00:00 AM
1471,48730,1:00:00 AM
1978,7212,1:00:00 AM
1727,53495,1:00:00 AM
1848,6949,1:00:00 AM
1280,6914,1:00:00 AM
461,6787,1:00:00 AM
1718,6914,1:00:00 AM
759,6857,1:00:00 AM
1538,6854,1:00:00 AM
2065,6951,1:00:00 AM
963,6850,1:00:00 AM
1025,6920,1:00:00 AM
975,6974,1:00:00 AM
1336,7035,1:00:00 AM
1563,6781,1:00:00 AM
1554,6780,1:00:00 AM
950,6914,1:00:00 AM
345,6914,1:00:00 AM
2084,22551,1:00:00 AM
428,6886,1:00:00 AM
1125,6792,1:00:00 AM
607,15383,1:00:00 AM
263,6925,1:00:00 AM
533,6791,1:00:00 AM
605,6946,1:00:00 AM
735,7104,1:00:00 AM
894,7726,1:00:00 AM
1352,6817,1:00:00 AM
703,6891,1:00:00 AM
260,7270,1:00:00 AM
472,21555,1:00:00 AM
1516,49085,1:00:00 AM
558,7007,1:00:00 AM
368,6792,1:00:00 AM
1096,6820,1:00:00 AM
1383,6777,1:00:00 AM
890,7726,1:00:00 AM
1509,6889,1:00:00 AM
1865,6795,1:00:00 AM
851,6783,1:00:00 AM
1755,6799,1:00:00 AM
513,6785,1:00:00 AM
1662,23204,1:00:00 AM
1378,6956,1:00:00 AM
241,7022,1:00:00 AM
1305,6925,1:00:00 AM
1318,6910,1:00:00 AM
667,6783,1:00:00 AM
893,24967,1:00:00 AM
18,6925,1:00:00 AM
661,7432,1:00:00 AM
1703,7035,1:00:00 AM
209,6784,1:00:00 AM
1118,6850,1:00:00 AM
1953,7104,1:00:00 AM
1990,23415,1:00:00 AM
497,7038,1:00:00 AM
1302,7022,1:00:00 AM
1311,6797,1:00:00 AM
148,6974,1:00:00 AM
514,6951,1:00:00 AM
1598,6859,1:00:00 AM
1522,6974,1:00:00 AM
459,6778,1:00:00 AM
1225,6850,1:00:00 AM
2081,27253,1:00:00 AM
1545,6984,1:00:00 AM
968,6911,1:00:00 AM
1086,24967,1:00:00 AM
999,6780,1:00:00 AM
230,6853,1:00:00 AM
1978,7212,1:00:00 AM
1375,7022,1:00:00 AM
1886,7726,1:00:00 AM
1758,6782,1:00:00 AM
1192,7212,1:00:00 AM
1871,6973,1:00:00 AM
1801,7270,1:00:00 AM
522,18142,1:00:00 AM
630,6785,1:00:00 AM
1497,6956,1:00:00 AM
669,6984,1:00:00 AM
96,6914,1:00:00 AM
1617,7024,1:00:00 AM
963,6850,1:00:00 AM
578,7058,1:00:00 AM
142,6956,1:00:00 AM
955,7104,1:00:00 AM
1950,6850,1:00:00 AM
1075,12209,1:00:00 AM
445,22935,1:00:00 AM
31,6783,1:00:00 AM
876,6920,1:00:00 AM
922,7212,1:00:00 AM
108,6809,1:00:00 AM
1904,23204,1:00:00 AM
645,11208,1:00:00 AM
1737,22935,1:00:00 AM
2038,6951,1:00:00 AM
2100,6791,1:00:00 AM
1981,19390,1:00:00 AM
1976,6910,1:00:00 AM
207,24372,1:00:00 AM
1995,6925,1:00:00 AM
690,26437,1:00:00 AM
164,7024,1:00:00 AM
1189,7280,1:00:00 AM
1037,6951,1:00:00 AM
1955,6866,1:00:00 AM
1354,6789,1:00:00 AM
1768,6891,1:00:00 AM
456,6810,1:00:00 AM
1091,6778,1:00:00 AM
2041,6922,1:00:00 AM
793,21586,1:00:00 AM
1573,6777,1:00:00 AM
900,40690,1:00:00 AM
2018,6820,1:00:00 AM
1137,18142,1:00:00 AM
499,6891,1:00:00 AM
1665,6811,1:00:00 AM
554,6820,1:00:00 AM
2065,6951,1:00:00 AM
1098,6797,1:00:00 AM
1526,22551,1:00:00 AM
2008,19390,1:00:00 AM
1873,6850,1:00:00 AM
886,6910,1:00:00 AM
2044,6891,1:00:00 AM
